"Year","Country.Code","WBL.Index","GDP","Labor.Force.Participation","Education.Levels","Wage"
1991,"AUS",75,627060575115.855,41.6082212764999,40.54138184,86.1268680783004
1991,"AUT",70.625,247532687599.64,41.1135238990678,32.2944603,86.1747216465133
1991,"BEL",64.375,300540270633.774,39.7949474520944,38.60400009,84.4083750847303
1991,"CAN",95,859468413002.863,44.6303085915873,104.4569016,89.9430190685091
1991,"CHL",54.375,77391556631.4767,30.5015870567926,NA,73.2681765211159
1991,"CZE",67.5,108689725047.004,44.4589521072158,14.54351997,94.3384224502057
1991,"DNK",78.75,205020430066.543,46.4684803515557,40.42750931,93.2171486889105
1991,"EST",55,13485390274.2879,47.4137092075131,NA,96.4617813445599
1991,"FIN",82.5,146857345228.906,47.1009094643876,53.20288849,89.0019551073916
1991,"FRA",76.875,1651067777946.68,43.9336740885336,42.44662094,87.4991353968961
1991,"DEU",71.25,2483654820949.25,42.4301298977457,NA,92.0568062301312
1991,"GRC",70.625,162306379130.518,34.6514577318542,NA,54.464177243518
1991,"HUN",66.875,78733089074.8481,45.4179053122145,14.76233959,84.1915146786928
1991,"ISL",85.625,9005036784.58508,45.5569219715079,29.57233047,87.9962546816479
1991,"IRL",75,84104920462.0281,35.1035536634673,27.28199959,89.4922773578705
1991,"ISR",63.125,111984124201.798,40.8448102561785,31.9903698,91.7193828462128
1991,"ITA",71.25,1590984785719,36.8915478037786,31.11459923,75.6854861627914
1991,"JPN",68.125,3633170889061.82,40.6846154890595,22.84967995,75.8238669039779
1991,"KOR",57.5,444840963700.951,38.8831881053773,23.51326942,57.1598407686427
1991,"LVA",55,17743516948.7928,47.4185561027906,26.96952057,90.6522594839281
1991,"LTU",61.25,29066403139.7446,48.2301066555819,NA,86.5639236212077
1991,"LUX",74.375,27391849518.0187,35.5007076070785,NA,89.253216190775
1991,"NLD",83.125,479533499517.689,39.6106585999401,35.3427887,88.4179149062107
1991,"NZL",81.25,86918728011.2973,43.6809165758199,46.07410812,84.0716672413998
1991,"NOR",80,218341469463.677,45.4022164084501,46.10268021,93.2726618814144
1991,"POL",61.25,181131204775.169,45.5228884474583,24.8491497,72.0112482287987
1991,"PRT",68.75,152051580863.96,43.2472354746389,26.14940071,75.6082752076877
1991,"SVK",61.25,38919807169.4918,46.9052341390903,NA,96.8491691305313
1991,"SVN",64.375,24784757336.3165,46.6673138996185,25.67318916,87.771059814844
1991,"ESP",73.75,764246620913.803,34.7181283856464,39.1006012,74.7044950779021
1991,"SWE",81.875,295304986687.656,47.818946651015,36.18193817,93.1359848491834
1991,"CHE",60,466206071277.777,41.3689701915572,18.9633007,83.4441846944791
1991,"GBR",78.125,1748098930983.33,43.4407488056692,28.71344948,91.3071142282425
1991,"USA",81.25,9774639354000,44.5229512872785,79.05632019,94.715881713225
1992,"AUS",75,629746209994.416,41.7888186871581,42.34503937,86.1689514933251
1992,"AUT",73.125,252714846186.879,41.700001670287,35.50785828,86.1125345695701
1992,"BEL",64.375,305140504133.549,40.4451428217192,NA,83.4474118663606
1992,"CAN",97.5,867121689189.495,44.7985188675869,107.0994873,89.4146682149408
1992,"CHL",54.375,86033645570.0678,31.2482650677329,NA,73.5767871773863
1992,"CZE",70,108139165567.356,44.4206878375919,13.25475979,94.0191202618084
1992,"DNK",78.75,209167606402.311,46.7933397463233,43.33242035,92.8148627058278
1992,"EST",55,10630714368.8022,46.9825500757991,24.27993011,95.3294416732251
1992,"FIN",82.5,141994350229.297,47.055071609255,58.71107101,88.9494417323215
1992,"FRA",76.875,1676098974581.98,44.2273609624355,46.36330032,87.7576436907655
1992,"DEU",71.25,2533680205307.88,42.6244215751567,30.66111946,91.9165527313939
1992,"GRC",70.625,163442523659.057,35.4004053137787,34.33863831,53.7537392759471
1992,"HUN",70,76320565233.1898,45.3929675952069,15.26159,83.801473382782
1992,"ISL",85.625,8701216382.78944,45.8816999790176,35.77590179,88.3496349572954
1992,"IRL",75,86916778951.971,35.8548928866727,30.74913979,89.3021256749898
1992,"ISR",65.625,120673270502.765,41.6319391720515,NA,91.7327513499896
1992,"ITA",71.25,1604257981628.63,36.2918996718445,34.20735931,74.6326613838552
1992,"JPN",71.25,3665890719855.77,40.595065773397,24.43643951,77.2664089469167
1992,"KOR",57.5,472415066061.572,38.6892442139954,25.37991905,57.5258836682403
1992,"LVA",55,12044552954.7921,47.3812540766682,26.07205009,89.719786273693
1992,"LTU",61.25,22887185052.507,48.1158152312164,31.88056946,85.8625501768122
1992,"LUX",74.375,27890285979.4902,37.4422848535759,NA,89.330293803504
1992,"NLD",83.125,487714681433.904,40.5271120925208,38.47948837,90.0418510478417
1992,"NZL",81.25,87869415436.1129,43.7905436259,52.64888,83.5700965617776
1992,"NOR",80,226145995659.812,45.287436468774,50.28779984,93.2949736954743
1992,"POL",61.25,185686615837.644,45.5389142197368,24.50112915,72.1085402944169
1992,"PRT",68.75,153708146851.898,43.6376821371455,28.84293938,75.8459094638902
1992,"SVK",61.25,36303817647.2082,46.5100002796412,NA,96.7143416315131
1992,"SVN",64.375,23430593100.5096,46.5655191271061,28.34454918,87.8422972989801
1992,"ESP",73.75,771348118083.944,35.7217620935226,41.37258911,75.3353205757066
1992,"SWE",85,291883604521.682,47.7967165971611,39.68349075,93.1253439383892
1992,"CHE",60,466002185360.324,41.6839513649226,20.22455025,83.6147128087325
1992,"GBR",78.125,1755110242111.01,43.7547652133491,33.1196785,92.0097348146623
1992,"USA",81.25,10118950750000,44.6645325026761,NA,94.9059209151942
1993,"AUS",75,655230327244.458,41.8932681653932,64.43231201,85.9767450019049
1993,"AUT",73.125,254046171785.085,41.9753448295984,37.84862137,87.0740506020572
1993,"BEL",64.375,302205439784.666,41.0716694924294,45.33346939,83.6892529760117
1993,"CAN",97.5,890167242008.604,44.9407894944767,94.83312225,88.8019460971453
1993,"CHL",54.375,91702216494.85,31.6579632903748,23.83772087,73.6427353201444
1993,"CZE",70,108206108277.86,44.3807503020658,12.8920002,93.795994004786
1993,"DNK",81.875,209002572309.562,46.8887692266828,45.90264893,93.1922234152204
1993,"EST",58.125,10020458824.8803,47.316409901543,23.67795944,94.0053190360233
1993,"FIN",82.5,140887056364.453,47.009872049635,66.84864807,88.9514011309613
1993,"FRA",76.875,1670081815454.98,44.6931009667454,50.05009842,88.8042697213338
1993,"DEU",71.25,2509019802333.05,42.6197484263128,34.61006927,91.6708088705166
1993,"GRC",70.625,160827442827.831,35.5805112685914,38.22533035,54.7699516389705
1993,"HUN",69.375,75880875956.0739,45.2370291869466,16.77169037,85.8284496839391
1993,"ISL",85.625,8815502462.2945,46.5348813593745,32.10774994,89.2560710820924
1993,"IRL",75,89257107777.5531,36.955786600513,33.66775894,89.0495962336941
1993,"ISR",65.625,125641094936.083,41.6218099971366,36.7284317,91.7770069200215
1993,"ITA",71.25,1590576776777.14,36.158751726573,37.18996048,75.1360047082844
1993,"JPN",71.25,3649056226897.65,40.39363025125,NA,78.8024895225452
1993,"KOR",57.5,504905290009.969,38.6632289930496,30.19034004,57.9624586611579
1993,"LVA",55,11444375308.8533,47.4601080889053,NA,88.6527541026598
1993,"LTU",61.25,19173313031.719,48.048027133095,29.95667076,85.2899788478728
1993,"LUX",74.375,29061859473.6523,36.5367597401085,NA,89.6860321384425
1993,"NLD",83.125,493847947756.374,40.8409209208216,42.04124069,89.8027385071277
1993,"NZL",81.25,93486046130.5113,43.7569758435272,59.76501083,83.6539973712041
1993,"NOR",82.5,232580262478.041,45.4935979519398,55.28472137,93.3483517939734
1993,"POL",61.25,192628157713.225,45.568650466332,26.62340927,72.1323167514964
1993,"PRT",68.75,150567463136.073,44.161269244101,34.29608154,75.0208041721454
1993,"SVK",61.25,36994071135.2625,46.094263041509,15.42695999,96.6229252286144
1993,"SVN",64.375,24096823110.0376,46.5040877329067,30.04844093,87.73024435109
1993,"ESP",73.75,763391725698.396,36.2382637104488,43.4140892,75.553778525168
1993,"SWE",87.5,285854408950.021,47.7344287350233,43.21287918,93.0673381818585
1993,"CHE",60,465415099988.28,41.9903316100386,21.65468979,83.7513359029096
1993,"GBR",78.125,1798809520344.04,44.172165567929,38.66368866,92.0322922990748
1993,"USA",81.25,10397403618000,44.8234223173021,87.15612793,94.877121596736
1994,"AUS",75,681311039099.666,42.3073827271447,67.35739899,86.2448604390984
1994,"AUT",76.25,260148662438.995,43.1960985468998,40.69895172,87.5949237136041
1994,"BEL",64.375,311957523308.047,41.2027126990694,49.53681183,84.1450310351732
1994,"CAN",97.5,930171796213.96,44.9703929579593,96.92849731,88.5642728295372
1994,"CHL",54.375,96315019535.2754,31.9567311942568,24.77032089,73.7623368976939
1994,"CZE",70,111354158849.535,44.4013123157521,18.64270973,93.2504708237254
1994,"DNK",81.875,220068623440.602,46.2322862266866,47.52370834,93.1575926918988
1994,"EST",63.75,9855880341.85316,47.3952036577056,25.01479912,94.5816419815103
1994,"FIN",82.5,146472344255.859,46.9420413523604,70.56939697,89.0380207590492
1994,"FRA",86.25,1709890902753.87,44.9582082399804,55.13079071,88.9919139436843
1994,"DEU",71.25,2574193723450.54,42.8139512897147,37.61022186,91.6309763994303
1994,"GRC",70.625,164043991706.578,35.8088382323535,38.05670929,54.485497129988
1994,"HUN",69.375,78117202649.1726,44.7600058172943,20.12879944,87.2658467470938
1994,"ISL",85.625,9133641416.95092,46.7918340026774,39.59321976,89.7598474645522
1994,"IRL",75,94394592937.7644,37.4733431745071,37.03974152,89.9380641474036
1994,"ISR",65.625,134973520974.768,42.4012072159284,NA,91.8373872989853
1994,"ITA",71.25,1624790459646.09,36.5368123789936,42.10691071,75.3632472891492
1994,"JPN",71.25,3688589488080.59,40.405047409716,34.43112183,79.373418381168
1994,"KOR",57.5,551703276662.813,38.8459899468801,31.22032928,58.4544027885057
1994,"LVA",55,11694997032.6363,47.561195871944,NA,87.875713432786
1994,"LTU",61.25,17300837303.8199,48.0053296443104,30.0067997,84.3400969354204
1994,"LUX",74.375,30172289931.4379,37.3570440396587,NA,88.3233968300131
1994,"NLD",83.125,508471242222.319,41.3196279967175,46.83647156,88.9617756631453
1994,"NZL",81.25,98271508917.5195,44.1020309158112,64.77014923,83.1539900438303
1994,"NOR",85.625,244337831972.719,45.600123863816,59.9804306,93.5264234738029
1994,"POL",61.25,202823584825.574,45.8075803393207,31.22141075,72.2474817779496
1994,"PRT",68.75,152020196072.823,44.4968230809055,38.43722153,74.1680057708996
1994,"SVK",63.75,39289749833.5871,44.5940199833499,16.53713989,96.5869976502804
1994,"SVN",64.375,25380577925.6488,46.4555095040116,32.54758072,85.386421409845
1994,"ESP",73.75,781584842385.514,37.2263008960424,45.37974167,76.1843612316387
1994,"SWE",87.5,297333335691.278,47.6315687671859,45.44527054,93.071727896964
1994,"CHE",60,471324743945.934,42.0468142194802,23.1691494,83.8769270913195
1994,"GBR",78.125,1867991898738.78,44.3072992471077,44.4240303,91.9907651119512
1994,"USA",81.25,10816317373000,45.3383851099691,88.34059906,94.9560792570115
1995,"AUS",75,707786283507.272,42.7191967214411,72.83872986,86.6088317380354
1995,"AUT",76.25,267089385643.72,43.5549374460342,44.5915184,87.3222327270918
1995,"BEL",64.375,319396952585.876,41.415045980201,55.82286072,83.6521385935325
1995,"CAN",97.5,955122057570.817,45.1859726776704,97.82666016,88.3785519047546
1995,"CHL",60.625,104919125196.922,32.5534007662266,25.31658936,73.8477181124595
1995,"CZE",73.125,118281953148.026,44.2291640857284,19.64451027,91.9620611903511
1995,"DNK",81.875,226754355589.978,45.4047273231085,47.91643906,93.7624032332101
1995,"EST",63.75,10302024682.7477,47.512078391743,26.73789978,95.0514047165286
1995,"FIN",82.5,152674521314.453,47.4636136333728,72.84480286,89.0370403529048
1995,"FRA",86.25,1749300344619.07,45.2353948612353,57.23437881,89.2506771766224
1995,"DEU",71.25,2612945784475.61,42.9812808562393,41.24531174,91.5074794842197
1995,"GRC",73.125,167488456723.317,36.1707861922422,37.90787888,55.877584300539
1995,"HUN",69.375,79280778283.9448,43.5372117522893,22.61268997,87.0726632357496
1995,"ISL",85.625,9144289754.98199,46.6818324947145,41.66257858,88.8082047127916
1995,"IRL",78.125,103488967205.198,37.8709005390223,39.20026016,90.2342536644259
1995,"ISR",65.625,143885721109.73,42.8934505873552,NA,91.8497323141756
1995,"ITA",71.25,1671695507645.8,36.8954297004909,44.14477921,75.2748909230058
1995,"JPN",71.25,3785636263364.36,40.3772648757294,35.87443924,79.8156906387406
1995,"KOR",57.5,604747148973.984,39.1009965126182,35.06275177,59.0476830360631
1995,"LVA",55,11584507304.4824,47.6653513994539,NA,87.8692237165105
1995,"LTU",61.25,17870048723.6262,47.9695801495285,30.60115051,84.0288145056014
1995,"LUX",74.375,30604417464.514,36.2746430196081,NA,89.7829910020659
1995,"NLD",86.25,524315389197.463,41.620825836815,47.53303909,88.71353947213
1995,"NZL",84.375,102912455238.062,44.2663096197724,64.5515213,83.007039808646
1995,"NOR",85.625,254491515965.692,46.2979013298423,60.9839592,93.4953489779016
1995,"POL",61.25,218906804615.997,45.7149489399129,35.94562912,72.6684960110144
1995,"PRT",71.875,158530887614.323,44.6586364306436,41.45164108,74.5652850190996
1995,"SVK",63.75,41585644886.9254,44.7622524597703,18.17403984,96.2129173193079
1995,"SVN",64.375,26422998452.6414,46.4047822739786,33.89910889,85.8345152962086
1995,"ESP",76.875,803136997144.358,37.8274658050122,48.13169861,76.8322457709544
1995,"SWE",87.5,309506914307.512,47.6074504072495,48.37527084,93.1466019195786
1995,"CHE",60,473591186505.167,42.0049766808796,24.14163971,84.0463508443462
1995,"GBR",78.125,1915283289476.88,44.3891754915986,51.79972076,92.1165935874504
1995,"USA",81.25,11106673921000,45.4340329654644,90.12692261,95.0990908283459
1996,"AUS",75,735134359250.411,42.9100952064157,77.95919037,86.8355565557117
1996,"AUT",76.25,273007465269.592,43.4759448383209,48.1068306,87.0491337509237
1996,"BEL",66.875,323617567359.636,41.5300022780701,58.37443161,83.7749747186921
1996,"CAN",97.5,971253698607.852,45.2810158482155,96.71177673,87.7750122805191
1996,"CHL",60.625,112056685776.986,33.0010802317588,26.95486069,73.8948520163476
1996,"CZE",73.125,123212636048.58,43.9597884863236,20.16218948,92.1030856405989
1996,"DNK",81.875,233320596340.296,45.9970415268608,52.47071075,93.9305180260631
1996,"EST",63.75,10811255595.132,47.8399238173527,43.21623993,94.8110756683876
1996,"FIN",82.5,158266466283.203,47.7470872938145,74.43782806,88.786906063706
1996,"FRA",86.25,1773739467452.5,45.3403470650849,59.63753891,89.9832238762871
1996,"DEU",74.375,2640072232962.63,43.1537085104402,43.97964859,92.0085798639817
1996,"GRC",73.125,169803934679.174,36.9549620738068,41.05718994,55.9826824347117
1996,"HUN",69.375,79346116187.6974,43.7777722575883,25.4819603,86.1631832375352
1996,"ISL",85.625,9561920769.22616,46.3387490213586,42.64122009,88.0496510266896
1996,"IRL",78.125,111126061752.057,38.6550192315397,41.95298004,90.3207837679786
1996,"ISR",65.625,152329412975.43,43.1794000349032,NA,91.9773659173214
1996,"ITA",71.25,1694189587811.19,37.2648373625183,45.5016098,75.5856478808919
1996,"JPN",71.25,3904273220115.03,40.3948064768508,NA,80.5527261169615
1996,"KOR",57.5,652465952372.005,39.4075174332314,39.6435585,59.7879970089559
1996,"LVA",55,11850945730.0371,47.7273037193604,NA,87.4020552064358
1996,"LTU",67.5,18768365835.5207,47.9314274221386,34.01792145,83.9023500854478
1996,"LUX",74.375,31032290015.6547,37.3764349257882,NA,91.582651391162
1996,"NLD",86.25,542250002695.22,42.105489933294,48.73965073,89.7027841136629
1996,"NZL",84.375,106628492825.886,44.7304981779157,66.16169739,83.3809897242095
1996,"NOR",88.125,267287258447.866,46.311373648643,66.71127319,94.1883428824379
1996,"POL",61.25,232246717071.23,45.6510829920371,41.0851593,73.0730767409919
1996,"PRT",74.375,164086378427.538,44.8351798511399,44.20386124,73.7443740728928
1996,"SVK",63.75,44130511304.3812,45.2004494339167,20,96.4654733832935
1996,"SVN",64.375,27192863928.6496,46.3568120108609,37.22875977,86.8411608253403
1996,"ESP",79.375,824078081021.613,38.1050846344672,50.43827057,77.8234169274425
1996,"SWE",87.5,314783454064.387,47.8324387154301,53.02444077,93.2778814623374
1996,"CHE",72.5,475823127148.128,43.6208327110192,25.16057014,84.0971150529792
1996,"GBR",78.125,1964735787495.57,44.6663162190634,53.6198082,92.200963634481
1996,"USA",83.75,11525703481000,45.5401242273043,89.71859741,95.1518709620887
1997,"AUS",75,763901984857.931,43.0448840558435,82.70330048,86.5134450949287
1997,"AUT",76.25,278865754355.301,43.6529434325664,50.27608871,87.6498407307168
1997,"BEL",66.875,335894554944.544,41.8860645246415,NA,84.4390320673745
1997,"CAN",97.5,1012824977566.98,45.3836510194209,NA,86.7792818791318
1997,"CHL",60.625,120339623821.761,33.6726655046315,28.24093056,73.9187078305313
1997,"CZE",73.125,122478487849.992,44.0393785244735,22.56343079,92.0416321095237
1997,"DNK",81.875,240713316133.714,46.0286382489736,NA,94.185199552821
1997,"EST",63.75,12222125501.0055,48.4291088984211,48.82524109,94.7573614081263
1997,"FIN",82.5,168391880923.047,47.2791803607302,77.08408356,90.4631250906793
1997,"FRA",86.25,1818562957208.6,45.3136055872063,60.53182983,90.2430669759677
1997,"DEU",74.375,2689040748598.27,43.3913694504347,45.7116394,91.7409402978348
1997,"GRC",73.125,175921772115.387,37.0982517410598,44.71448898,57.3140051797329
1997,"HUN",69.375,81840061575.3627,43.456953648987,27.45833969,86.3330493719222
1997,"ISL",85.625,10113797776.4047,46.222717466652,44.55360031,87.0595771941063
1997,"IRL",83.125,123374112131.265,39.1432819562675,44.16098022,90.4831683928288
1997,"ISR",68.75,158048317310.579,43.3970865603295,NA,92.1033983711074
1997,"ITA",74.375,1726814956377.67,37.4737427676536,51.26448822,76.0075646382017
1997,"JPN",73.75,3942583070731.74,40.5710689537695,NA,81.0002292624242
1997,"KOR",57.5,692726706028.768,39.8973370771919,55.06565094,60.6153266135414
1997,"LVA",55,12937853405.0285,48.5963531474251,38.56679916,81.7960334239404
1997,"LTU",67.5,20326258404.0437,47.8871607228809,38.248909,83.8084103652681
1997,"LUX",74.375,32714188401.9113,38.3115469657566,NA,90.6398730830249
1997,"NLD",86.25,565287383585.328,42.374955800655,48.20256042,89.5908644479497
1997,"NZL",86.875,108845461043.603,44.767162368115,NA,84.2354584324957
1997,"NOR",88.125,281412338534.67,46.3007278720044,72.70140076,94.8126995218795
1997,"POL",61.25,247015068311.447,45.3911930727101,46.66014099,73.2422049718317
1997,"PRT",76.875,171307602024.194,44.8595322657188,NA,72.9153495412803
1997,"SVK",63.75,46551440693.9027,45.0987502479667,22.15535927,96.1908918398386
1997,"SVN",64.375,28599099399.1789,46.6968678465047,41.11355972,83.7337557147486
1997,"ESP",94.375,853640232062.29,38.5126784242174,53.61854935,79.3381203221202
1997,"SWE",87.5,324431161307.233,47.671171362056,57.87926865,93.3895119068075
1997,"CHE",72.5,486583035615.464,43.6882196949472,NA,84.0413167752749
1997,"GBR",81.25,2061492115418.56,44.862406671525,58.20259094,92.0721572130459
1997,"USA",83.75,12038266261000,45.7441677105606,NA,95.2398914168262
1998,"AUS",81.25,799524373774.542,43.1995707577183,NA,87.3681453822873
1998,"AUT",78.75,288606201307.485,43.8702212620599,53.52447891,87.991111493091
1998,"BEL",70,342484242694.343,42.2724689902381,NA,85.0909746693544
1998,"CAN",97.5,1052253104690.22,45.6636143867689,67.26719666,86.6703144936465
1998,"CHL",60.625,125370887061.407,33.9222557995668,30.11067009,73.8850898084302
1998,"CZE",73.125,121996963422.938,44.1721766870901,23.34259033,91.0050223974352
1998,"DNK",81.875,246313036662.653,46.5869082908133,59.70401001,93.8372035535081
1998,"EST",63.75,12752545890.575,47.8885152743486,56.61751938,95.5107997275022
1998,"FIN",82.5,177576428631.641,47.3658408515731,83.91848755,91.1688482549067
1998,"FRA",86.25,1881350559081.67,45.613866325495,59.8914299,90.7852587720841
1998,"DEU",74.375,2745407383018.29,43.5647507058258,NA,91.7952809423449
1998,"GRC",73.125,181968090350.671,38.0762288005594,48.03984833,58.5630828394813
1998,"HUN",69.375,85031827660.5837,44.3661175803652,32.55493927,87.6263072963109
1998,"ISL",85.625,10858456575.5095,46.389411617112,47.81024933,87.1085081879723
1998,"IRL",85.625,134189242145.411,39.7739093127831,48.65990829,90.3387823090905
1998,"ISR",68.75,164471856695.682,43.7095641114813,51.90753174,92.10983134262
1998,"ITA",74.375,1757973143930.53,37.813251032563,55.01477051,76.3761441981994
1998,"JPN",73.75,3892499235707.73,40.6086088511086,41.36883926,81.6865005535594
1998,"KOR",60.625,657193648716.458,38.8947979404269,49.00400162,60.8888840976442
1998,"LVA",67.5,13785282708.1945,48.4115773126547,48.74431992,83.9187391280576
1998,"LTU",67.5,21843194413.7223,47.841851914846,45.4887085,83.176214842313
1998,"LUX",74.375,34897700894.5582,38.530187581548,NA,92.073105288174
1998,"NLD",86.25,591560722063.179,42.5349335433796,48.42615891,90.3639931876342
1998,"NZL",86.875,109780524765.076,45.0389143225738,NA,84.0456188367171
1998,"NOR",88.125,288922351968.585,46.6132440281432,74.49897766,94.6149295061906
1998,"POL",61.25,258431144714.153,45.5218067460175,44.90867996,74.6194924871917
1998,"PRT",76.875,179544008835.027,44.9110635485658,49.98566818,72.9531279027206
1998,"SVK",63.75,48332548394.3004,45.2289033146525,24.99012947,94.5618891633824
1998,"SVN",64.375,29475324999.9082,46.5308859376656,51.22558975,84.3062137749963
1998,"ESP",94.375,890363641965.936,38.6116989871809,56.65903854,80.2739490174016
1998,"SWE",87.5,338205617434.591,47.1390256105933,61.07960129,93.3182333541877
1998,"CHE",75.625,501326351582.974,44.2305288506187,30.15101051,84.4536303327632
1998,"GBR",83.75,2131637646138.53,44.9337067285513,60.3961792,92.1643289760473
1998,"USA",83.75,12577957790000,45.7652541302941,80.40313721,95.4660346118364
1999,"AUS",81.25,839721933537.843,43.3792434861881,NA,87.3626555349089
1999,"AUT",78.75,299463348574.799,43.8825426455762,NA,87.9218025856883
1999,"BEL",72.5,354617493993.784,42.8975958059909,60.04185867,83.986854916367
1999,"CAN",97.5,1106349473421.66,45.7803641455814,68.53623199,87.0878483335918
1999,"CHL",60.625,125027832950.762,34.1998121690888,34.03916931,74.0880216100894
1999,"CZE",73.125,123678521510.239,44.3008313972937,26.47950935,90.3360726523919
1999,"DNK",85,253621896644.373,46.54361887174,64.63751984,94.1427530337873
1999,"EST",63.75,12698343966.8422,48.126759611703,59.66437912,95.4751302374362
1999,"FIN",82.5,185370756688.281,47.6999115283162,88.32494354,90.4405982846189
1999,"FRA",86.25,1945303460153.52,45.7019157490868,58.46575165,91.0677915698182
1999,"DEU",76.875,2803887763760.38,43.9061078445126,NA,91.8212181386277
1999,"GRC",73.125,186806232261.53,38.6754644728014,49.68682861,60.6350309945548
1999,"HUN",69.375,87643177933.1084,44.5787616504435,36.72415924,87.8941816359052
1999,"ISL",88.125,11296586994.517,46.9910223346796,51.92498016,87.2618667518093
1999,"IRL",85.625,148319215004.31,40.4004382895617,51.47718811,90.7846317566328
1999,"ISR",75,169937647527.979,44.4080165498132,55.82463837,92.052384820206
1999,"ITA",74.375,1787471785343.84,38.3743786247954,54.53144836,76.9856882321702
1999,"JPN",73.75,3879501014654.61,40.5001025177021,42.92922974,82.0959601108768
1999,"KOR",63.125,732553666046.982,39.3775150182688,52.3669014,61.4476653442436
1999,"LVA",67.5,14173807494.182,47.8816962742181,60.76079178,84.5121992302315
1999,"LTU",67.5,21603574024.2469,49.2793136043045,51.12876892,82.6887272708335
1999,"LUX",74.375,37750651303.9183,39.8759946151236,NA,90.9442823596385
1999,"NLD",86.25,621395031068.362,43.2733830202244,49.83261871,90.2448849533169
1999,"NZL",86.875,115682283163.932,45.3115434085772,NA,83.4271799212942
1999,"NOR",88.125,294908959388.24,46.7642065524828,79.0109787,95.0671642691471
1999,"POL",63.75,270575301764.16,45.6983114219919,52.04629898,75.8754516942248
1999,"PRT",76.875,186558034227.897,45.1998998301173,51.76517868,73.8594822357136
1999,"SVK",63.75,48103808997.7433,45.5153624645942,27.33358002,94.1484355770484
1999,"SVN",64.375,31028088290.3379,46.1053762095429,59.95106125,85.2723222237676
1999,"ESP",94.375,929618577504.041,38.8967611638647,59.4760704,82.1342930598962
1999,"SWE",87.5,352413884474.603,47.5606129089479,76.34703064,93.6640042116199
1999,"CHE",75.625,509661911268.691,44.3353239061127,31.85224915,84.5409828104421
1999,"GBR",83.75,2196830016070.81,45.268590911771,64.24777222,92.366909432904
1999,"USA",83.75,13180243872000,45.8208742817167,81.1401062,95.6351629050071
2000,"AUS",81.25,872651653770.258,43.848341019263,NA,87.4862618758734
2000,"AUT",78.75,309014799991.68,43.948510943667,NA,88.0474986947213
2000,"BEL",75.625,367797580691.145,43.0487091095375,59.52960968,86.2251092763478
2000,"CAN",97.5,1163199674646.76,45.9672506531701,67.27071381,87.6606017071942
2000,"CHL",60.625,131243743560.348,34.2945042811658,33.86709976,74.2644898288238
2000,"CZE",73.125,128638858397.276,44.298368864204,30.28236961,89.8243928142167
2000,"DNK",85,263066798839.571,46.8549907818272,67.53540039,94.4454282649263
2000,"EST",63.75,13979306555.9168,48.712771477722,65.45417023,96.0005663648357
2000,"FIN",85,196036504105.859,47.6008747530611,90.64891815,91.1445006583963
2000,"FRA",86.25,2025858476369.78,45.9115714494076,55.56650925,91.7248055585729
2000,"DEU",76.875,2884562510841.22,44.1087236651786,NA,91.5995453609113
2000,"GRC",73.125,194535951163.524,38.7502650326851,54.26485062,60.9935727383727
2000,"HUN",69.375,91568886542.0243,44.658152364819,41.7804985,88.3067441100871
2000,"ISL",88.125,11859726687.7669,47.2397960388093,57.42660141,87.6169721830534
2000,"IRL",91.875,162266448871.098,40.6705218451163,54.25463867,90.9144452411949
2000,"ISR",75,184596462844.647,44.7982396752609,56.41891861,92.0660570817932
2000,"ITA",74.375,1856863206832.4,38.6374840689042,56.74245071,77.1385087177501
2000,"JPN",73.75,3986755544464.21,40.5077250389029,NA,82.8593425019812
2000,"KOR",66.25,798929132744.302,40.2171454679251,54.80353928,62.2110592245829
2000,"LVA",67.5,15001703822.9086,48.3314988125813,72.65032196,86.4673867320722
2000,"LTU",73.75,22342117951.3527,49.885871414732,61.89936066,83.2912872261875
2000,"LUX",76.875,40369840661.3785,39.5924570666017,NA,92.3471645919779
2000,"NLD",89.375,647616371115.081,43.4227906592232,52.19348907,90.5638491227602
2000,"NZL",86.875,119003047472.934,45.3787150668974,NA,83.776341574075
2000,"NOR",88.125,304696827529.193,46.5725213298029,83.03212738,95.1867676929804
2000,"POL",66.875,283174187558.032,45.9583582652053,58.97554016,74.9677113420492
2000,"PRT",76.875,193677420074.374,45.4126783560287,NA,75.1892469350932
2000,"SVK",63.75,48483456571.093,45.8467043355394,29.50882912,93.9173108307873
2000,"SVN",64.375,32113424895.0762,46.4194240042716,64.22744751,86.4710842322566
2000,"ESP",94.375,977964704117.097,39.5613581586443,63.36111832,83.2951691765273
2000,"SWE",90.625,368734580231.656,47.7779288273993,80.41168976,93.9082457975456
2000,"CHE",78.125,529837997852.025,44.2031865385342,32.71828842,84.7089307206039
2000,"GBR",83.75,2292208338906.25,45.4014791707928,62.23762894,92.1667082470651
2000,"USA",83.75,13717679619000,45.8060414236429,NA,95.6836860731602
2001,"AUS",81.25,890323770708.066,44.1810186987477,NA,90.9190538791057
2001,"AUT",78.75,313084486617.415,44.1960594772066,NA,88.1622301340808
2001,"BEL",75.625,371841896085.61,42.4214211948154,60.76194,86.9729552799185
2001,"CAN",97.5,1185010810019.45,46.1057424438094,NA,88.8099843923628
2001,"CHL",60.625,135383217068.298,33.957178968607,NA,74.1708663421716
2001,"CZE",73.125,132391536317.902,44.2509229625621,32.80091095,89.7878314646561
2001,"DNK",91.25,265566018347.455,46.6781183365024,70.14328003,95.304843638574
2001,"EST",63.75,14801394584.6609,48.7378561908229,72.83197021,96.2402831883594
2001,"FIN",85,201212381740.625,47.7598633341121,94.55352783,91.110887084071
2001,"FRA",86.25,2064338989662.44,45.8966507094829,55.16104889,92.0717470780418
2001,"DEU",76.875,2931769559373.65,44.4923852833624,NA,91.4755235933539
2001,"GRC",73.125,203582678509.383,38.5790832554416,63.27566147,64.21436681167
2001,"HUN",69.375,95299483590.3448,44.6390339365851,47.57978058,88.7668425549308
2001,"ISL",94.375,12335716528.3788,46.7268108960322,59.34914017,88.9889161303504
2001,"IRL",95,170876017042.921,40.8453509071857,56.06652069,91.8507356684071
2001,"ISR",78.125,184909585609.537,45.0005198352263,58.35678864,92.0236961617345
2001,"ITA",74.375,1894119928516.21,39.0955886892798,60.9029808,77.2586784892029
2001,"JPN",73.75,4002148544213.45,40.7103338249929,NA,83.7990585914858
2001,"KOR",66.25,837696366558.277,40.5496255117031,57.50342941,62.9080607768412
2001,"LVA",67.5,15970899946.7949,49.1202957539997,79.81806183,86.6566943109319
2001,"LTU",73.75,23790808932.6418,49.6256622057471,69.81630707,84.0763649058582
2001,"LUX",83.125,41610952875.9605,40.3239791282677,10.6876297,92.3495324641117
2001,"NLD",89.375,662664227345.701,43.7416030694598,54.38066101,90.2451793086268
2001,"NZL",86.875,123062801652.748,45.7095702889742,NA,84.5005410819538
2001,"NOR",88.125,310995308463.367,46.7606911880833,84.31333923,94.9890767943073
2001,"POL",66.875,286667833930.23,45.9099397080773,66.4961319,74.1890559829375
2001,"PRT",79.375,197441874156.334,45.5543134888816,NA,73.8130837483592
2001,"SVK",63.75,49901674780.841,45.7659757069687,32.2315712,93.588254292115
2001,"SVN",64.375,33021813055.4789,46.0647842622065,70.70355225,85.4970645134965
2001,"ESP",94.375,1016292009212.74,38.9522351074663,65.5563736,83.4885125799086
2001,"SWE",90.625,373752198445.95,47.5977543094901,84.35067749,94.230502265497
2001,"CHE",78.125,538186453673.233,44.8088962153331,33.74784088,85.647702142875
2001,"GBR",86.25,2351181825459.11,45.5388985438675,63.15061188,92.5746889032765
2001,"USA",83.75,13848757308000,45.8534600516744,NA,95.717300178518
2002,"AUS",81.25,925754967998.798,44.2899106926562,NA,87.3253736808636
2002,"AUT",78.75,317731815610.858,44.6880614869325,NA,88.1024405673806
2002,"BEL",75.625,378188843495.686,42.8741709990028,62.65330124,86.52444292295
2002,"CAN",97.5,1220552310131.93,46.3101267472902,67.59394073,88.4860911785065
2002,"CHL",60.625,139719269580.07,34.0094762719858,38.81118011,74.1856105668805
2002,"CZE",73.125,134395228578.688,44.0776815823631,38.58956909,89.3266847627954
2002,"DNK",91.25,266778406866.579,46.7573950967051,74.6764679,94.8296912765056
2002,"EST",63.75,15827575290.6098,48.7825358127185,78.09932709,96.3599592079194
2002,"FIN",85,204607491185.937,47.9358805613507,96.08451843,91.0141230585562
2002,"FRA",89.375,2086380974391.26,45.9209437707562,55.49982834,92.3033019382666
2002,"DEU",76.875,2925076028983.88,44.7023323500672,NA,91.7022461687243
2002,"GRC",73.125,213116734983.165,38.9307588597043,71.83149719,64.6649036193164
2002,"HUN",69.375,99817905184.6813,44.8818132534438,53.75405884,89.281147027294
2002,"ISL",94.375,12404737216.2574,46.9318640439383,67.05127716,89.4023303106655
2002,"IRL",95,180956619566.626,41.6129543914291,59.79766846,92.3544089505812
2002,"ISR",78.125,184684975515.63,45.180571924214,63.30038071,92.0195166285544
2002,"ITA",80,1899232719248.01,39.3146715077305,64.52628326,77.0385914472021
2002,"JPN",76.25,4003827945768.8,40.737309076122,NA,84.6433092802423
2002,"KOR",66.25,902409606062.147,40.5611317816774,60.80715942,63.7881005127492
2002,"LVA",67.5,17195147565.4394,49.0411604006068,84.93141937,88.6692684340742
2002,"LTU",79.375,25389512713.8207,49.2442532754159,77.30593109,82.2213231740894
2002,"LUX",83.125,42953079582.1566,40.6545333447703,NA,94.0620087111157
2002,"NLD",89.375,664292962312.29,43.8736651340629,55.99261093,90.5119600443018
2002,"NZL",86.875,128863789117.662,45.7593801570996,NA,84.893580106074
2002,"NOR",88.125,315279446109.331,47.2929811750994,87.81977081,95.7838602041037
2002,"POL",66.875,292117946677.278,45.6414984819538,70.13713837,74.6041745187915
2002,"PRT",79.375,198964002686.34,45.680038746281,NA,74.4116727133579
2002,"SVK",63.75,52105958464.3133,45.6409855567587,34.79285812,93.6620216961411
2002,"SVN",64.375,34105781630.823,46.0526573116342,79.27040863,86.974320624314
2002,"ESP",94.375,1044295489916.35,40.1135930434915,69.39700317,84.9091952758796
2002,"SWE",90.625,382265044440.179,47.6981335438908,90.62835693,94.316944349124
2002,"CHE",78.125,537792409245.141,45.1860291883402,34.8213501,85.7678960513392
2002,"GBR",86.25,2393401075136.18,45.7917062272818,68.13365173,92.5413110145228
2002,"USA",83.75,14084248131000,45.903570002811,NA,95.7883979989123
2003,"AUS",81.25,954367849882.364,44.6638795624304,NA,88.0833274222028
2003,"AUT",78.75,321358930858.678,44.6506520575354,NA,88.5484436422988
2003,"BEL",75.625,382114274583.92,43.1086280312319,64.46613312,87.257752712964
2003,"CAN",97.5,1242600185625.17,46.561012023297,NA,88.5909017096991
2003,"CHL",63.75,146318553367.333,34.9364861385289,42.24810028,73.9947664267322
2003,"CZE",73.125,138831395782.306,44.1585278625177,40.58953857,88.5425919118902
2003,"DNK",91.25,267955142394.956,46.4556093486005,79.8572998,94.27557092754
2003,"EST",66.25,17029885620.3809,48.4716566931667,81.36534119,96.4338246639031
2003,"FIN",85,208723784010.156,47.7932581731285,96.61203003,91.2620274677975
2003,"FRA",89.375,2106573536491.98,46.5042157986915,57.94725037,91.8688735309703
2003,"DEU",79.375,2909575203020.53,44.9944968443654,NA,91.7456868552476
2003,"GRC",73.125,225470734967.324,39.2498118578577,78.05113983,64.8390956831677
2003,"HUN",69.375,103884735932.983,45.2102453915465,63.47053146,89.8429940191361
2003,"ISL",94.375,12670532078.9946,46.7971017831636,77.64781189,91.4106815882812
2003,"IRL",95,186410360281.181,41.8407454775791,62.82529068,92.2173497797268
2003,"ISR",78.125,187390716950.388,45.6645651214608,62.01195908,91.9185308300282
2003,"ITA",80,1900496731808.66,39.5155545981721,68.76251221,76.757955771465
2003,"JPN",76.25,4065291729511.6,40.8229704880194,NA,85.0643389235627
2003,"KOR",66.25,930811064125.151,40.2223170620033,64.13317871,65.551131040642
2003,"LVA",70.625,18644549744.4914,49.2505909457038,89.25354004,89.0849434163366
2003,"LTU",79.375,28068588029.5523,50.1100151677187,84.97884369,82.0894434584264
2003,"LUX",86.25,44078183347.9207,41.1939982987462,13.07919025,92.6612096174078
2003,"NLD",89.375,664942855049.922,44.4209958751569,57.21110916,91.3886997583406
2003,"NZL",86.875,134957716138.705,46.1386792829385,NA,85.0441896473742
2003,"NOR",88.125,318258551203.885,47.1234781628646,94.8216095,95.6153287725282
2003,"POL",66.875,302410346199.761,45.6046118361088,71.31520844,76.3550843183188
2003,"PRT",79.375,197112600687.244,46.340488669824,NA,74.2859826330484
2003,"SVK",63.75,54636587612.3566,45.7352078590542,37.45299911,93.228551655204
2003,"SVN",80,35195471964.1441,45.6817997373892,80.49819946,88.8755771932112
2003,"ESP",94.375,1074990359309.76,40.5769447138995,71.39971161,85.6507570345962
2003,"SWE",90.625,389455236312.007,47.730404213959,97.94743347,94.577632344609
2003,"CHE",78.125,537618172697.61,45.1922548948775,38.27519989,85.2989709380205
2003,"GBR",86.25,2468849371075.25,45.6104289161027,69.47602844,92.131714734205
2003,"USA",83.75,14477988212000,46.0528382892819,NA,95.6267395067848
2004,"AUS",81.25,994683066030.821,44.5561000925583,NA,87.2463336122413
2004,"AUT",81.875,329602607197.97,45.3318993464,NA,88.4976814829985
2004,"BEL",84.375,395760365571.447,43.8189377728447,67.67340851,88.3318491100464
2004,"CAN",97.5,1281025904373.69,46.6724729793984,NA,88.7096501048537
2004,"CHL",63.75,156084225513.219,36.0045917940823,43.18257904,74.6532725418212
2004,"CZE",73.125,145406922302.962,44.0678901296999,47.57384109,89.0954518299278
2004,"DNK",91.25,275394519939.124,46.6338677376164,87.90522766,94.8433820811376
2004,"EST",69.375,18188036227.5922,49.2885187388459,83.45266724,96.3129430922294
2004,"FIN",85,217083963641.016,47.9369071407244,98.50978088,91.710243386697
2004,"FRA",89.375,2166995343999.61,46.4710646580443,59.24126053,92.2277996993216
2004,"DEU",79.375,2943395181897.32,45.0574510488632,NA,91.1820313152367
2004,"GRC",73.125,237596249633.379,39.9796401003687,87.64969635,68.3248653160149
2004,"HUN",69.375,109083772922.95,45.3397854287297,71.92225647,88.9636562524417
2004,"ISL",94.375,13659137611.5282,46.2420984090215,87.36997223,90.20672
2004,"IRL",95,199064153976.926,41.741228367765,65.53491974,92.1985219293311
2004,"ISR",78.125,196159322413.276,45.6850572066332,61.51250839,91.9656331235389
2004,"ITA",80,1928510465520.9,40.2773103653184,72.6958313,77.7934051915461
2004,"JPN",76.25,4154163710034.48,41.0825712028092,NA,85.3800716556359
2004,"KOR",66.25,979188957980.11,40.7307243610139,69.04881287,65.8179486246448
2004,"LVA",88.125,20271313106.6742,48.879341496233,94.59269714,87.2939861418963
2004,"LTU",79.375,29893618016.7512,49.4752352279615,91.51045227,84.3110437239932
2004,"LUX",86.25,45943524157.4617,42.1272255192878,NA,93.5471796983194
2004,"NLD",89.375,678350164439.719,44.6732482205254,58.86674118,90.3666001444096
2004,"NZL",89.375,140475137990.551,46.1096712016019,NA,84.4750904355915
2004,"NOR",94.375,331035320863.904,47.3069277391429,95.39771271,95.7051371545752
2004,"POL",66.875,317805438387.054,45.2744395543406,72.3196106,76.2385340437995
2004,"PRT",79.375,200638424065.227,46.3262092894422,NA,76.1645926142999
2004,"SVK",63.75,57581225947.9722,45.4753986968104,40.53712845,92.8854125960745
2004,"SVN",80,36795464999.3019,45.8445897945172,85.56788635,86.6362278166408
2004,"ESP",94.375,1108471272156.69,41.0999288271495,74.44896698,85.8805669150816
2004,"SWE",90.625,405732636290.608,47.6010653614525,101.1492615,94.4202420327187
2004,"CHE",78.125,552143052382.242,45.2751732042718,40.53773117,86.869885452002
2004,"GBR",88.75,2529531328675.57,45.8696246923653,68.74809265,92.1333282547444
2004,"USA",83.75,15035068144000,45.9775968922828,NA,95.6224509803742
2005,"AUS",81.25,1026057036344.3,44.9025133956641,NA,88.9583218290026
2005,"AUT",81.875,337250591613.85,45.6806345907196,NA,87.7421818219514
2005,"BEL",84.375,404948884226.677,44.1555811414624,69.24629974,87.7402561007157
2005,"CAN",97.5,1322152656328.7,46.6524638194712,NA,88.5076425682304
2005,"CHL",63.75,165194933110.731,36.6172574466426,49.14493179,75.2960962926599
2005,"CZE",73.125,154676655561.766,43.971952222061,52.74742889,89.6011297327543
2005,"DNK",91.25,281892753356.482,46.8229828069989,94.25998688,94.6003225636038
2005,"EST",81.875,19920093472.6082,49.8384495947777,85.86115265,96.2710749557462
2005,"FIN",85,223113056688.672,48.1705269587361,100.717247,91.530454470153
2005,"FRA",91.875,2207920477001.03,46.9373007084014,59.99689865,92.5735542386103
2005,"DEU",79.375,2969464751675.73,45.3153066274323,NA,90.5704044229526
2005,"GRC",73.125,240408215746.072,40.1266189373414,97.20596313,68.2269352877999
2005,"HUN",75.625,113768132959.824,45.6059691558354,77.3835907,89.5033494161558
2005,"ISL",94.375,14495683157.7375,46.6712598649372,92.58110046,91.2203292376536
2005,"IRL",95,210490003157.074,42.2844434651192,65.31056213,92.8740455588502
2005,"ISR",75,204428481197.204,45.8489705173451,62.86883926,91.9367583738149
2005,"ITA",80,1943213636038.87,40.342282197359,75.5002594,79.4649384110813
2005,"JPN",76.25,4229100705435.47,41.2127536130667,NA,85.8872136636457
2005,"KOR",71.25,1021377732486.55,40.914141962729,74.07740784,66.3938143035418
2005,"LVA",94.375,22625890296.7976,48.8557743966844,97.29242706,90.2155804344929
2005,"LTU",88.75,32204826567.0058,49.5890157470635,97.53855896,85.1779841620155
2005,"LUX",88.75,47084244317.1613,42.5021255575136,NA,93.1853804502707
2005,"NLD",89.375,692147557481.115,44.6453778356802,60.98900986,89.6131026561452
2005,"NZL",89.375,145185608535.714,46.3731743302194,NA,84.5117057919342
2005,"NOR",94.375,339924026041.128,47.1357775103185,95.15973663,95.5463388857313
2005,"POL",66.875,328168510412.522,45.089231492869,74.70633698,76.9171407598149
2005,"PRT",91.875,202207111084.663,46.9561591024457,NA,75.8614142604396
2005,"SVK",76.25,61315329304.8089,44.7991311745707,46.09328079,92.727090034194
2005,"SVN",88.125,38213608871.6863,45.8904729754999,96.39296722,86.8621274087175
2005,"ESP",94.375,1147835586804.09,41.4612162821273,75.08020782,85.7699745381388
2005,"SWE",90.625,417065466380.565,47.46346150935,99.70674896,94.2337333613285
2005,"CHE",78.125,567325324289.261,45.615868037683,41.96657944,86.5812863955921
2005,"GBR",88.75,2598654838739.17,45.9195420353506,68.64118195,92.1889481933638
2005,"USA",83.75,15558822251000,46.0040906394035,95.19016266,95.687561239936
2006,"AUS",81.25,1054328458936.16,45.059606072791,NA,89.031148936841
2006,"AUT",85,348276446973.261,45.8450034636029,NA,87.2373557504467
2006,"BEL",84.375,415284559325.884,44.4190769438687,70.14286041,88.1890392665725
2006,"CAN",97.5,1357030300358.29,46.8996825595376,NA,88.5993112119611
2006,"CHL",66.875,175189211413.976,36.9096955275737,49.23659897,76.0240310321718
2006,"CZE",73.125,164921158026.322,43.9279073727751,54.83317947,89.145654280141
2006,"DNK",91.25,292651155607.73,47.021798207297,91.75990295,94.2086066898663
2006,"EST",81.875,21864806615.3187,49.1512270831312,86.95822906,96.2952331625617
2006,"FIN",94.375,232081249383.594,48.1742119490748,103.105011,91.553344483025
2006,"FRA",91.875,2267844863251.48,47.0620984869194,60.26364136,92.2228340136394
2006,"DEU",79.375,3083959477633.35,45.6301035403542,NA,90.74667129842
2006,"GRC",73.125,255898673311.456,40.3162426237792,101.3905563,68.3907325160858
2006,"HUN",75.625,118257499574.879,45.4191314952,78.92584229,90.2005719868235
2006,"ISL",94.375,15411374460.634,46.003019879968,95.51506042,91.0552923362477
2006,"IRL",95,220988938640.086,42.2840461822215,65.21952057,93.2742050585466
2006,"ISR",75,215837698469.191,45.8216418532195,61.13508987,91.9873890389119
2006,"ITA",83.125,1978181374934.65,40.5143948440316,78.23403931,79.5770328032191
2006,"JPN",76.25,4287138774363.71,41.3290501005446,NA,86.9774022746433
2006,"KOR",76.25,1075146392089.85,41.1489777755819,78.90228271,67.32493858625
2006,"LVA",94.375,25527664820.9098,48.8720041859167,96.55357361,90.0623037628323
2006,"LTU",88.75,34586528018.7664,49.988713506171,100.4518585,85.1026512689763
2006,"LUX",88.75,49917169128.3586,42.8711046576567,10.42479992,93.5462562723807
2006,"NLD",89.375,716631413655.269,44.9464640285635,62.23257828,89.2364614398006
2006,"NZL",89.375,149221146114.821,46.4377519230067,NA,85.409637009193
2006,"NOR",94.375,348291164617.133,47.1415795601594,95.15985107,95.1333967920718
2006,"POL",66.875,348521872927.444,44.7883739367495,76.13253784,78.2495057402297
2006,"PRT",91.875,205493046680.564,47.0435610244327,NA,76.8290643345422
2006,"SVK",76.25,66788143655.4668,44.5110924274194,53.10300064,92.2976167340253
2006,"SVN",88.125,40471568569.7812,46.0884488526345,102.0389481,86.3075536901653
2006,"ESP",94.375,1194247575041.8,42.0304664342947,76.17263031,86.3812412522993
2006,"SWE",90.625,436567442203.266,47.4356103211369,96.8832016,94.2455584594864
2006,"CHE",78.125,590436050103.238,45.6418945775764,43.84864044,86.5015921967428
2006,"GBR",88.75,2660520859212.05,45.9818002310494,68.45662689,91.8748764887966
2006,"USA",83.75,15992063824000,45.9961195168971,NA,95.715727837076
2007,"AUS",81.25,1094111663603.91,45.1563790491853,NA,90.3453131217626
2007,"AUT",85,361424665131.865,45.8923843080997,NA,86.4790655956016
2007,"BEL",84.375,430554260439.959,44.6951728583138,69.3764267,88.4577203665276
2007,"CAN",97.5,1384848127059.22,47.0787683081536,74.25917053,88.5630640008721
2007,"CHL",71.875,184243394524.547,37.434621621392,54.93471909,76.2497129658118
2007,"CZE",75.625,173973393363.484,43.5680882196487,60.62817001,89.452608707774
2007,"DNK",91.25,295540131107.448,46.9449556936945,91.86135864,94.6880104986559
2007,"EST",81.875,23520173219.8219,48.5894609658409,86.46417236,96.1430359422216
2007,"FIN",94.375,244411266137.109,48.229874432206,105.0895081,91.7677036396588
2007,"FRA",94.375,2325232266173.56,47.3146017824157,59.31235886,92.6152042053148
2007,"DEU",81.875,3173089212221.55,45.8052275844823,NA,90.7556319795862
2007,"GRC",73.125,264872707591.747,40.3764021091089,94.88786316,69.3533849665167
2007,"HUN",75.625,118585513679.933,45.242118104161,78.54077148,90.3905802607508
2007,"ISL",94.375,16714384610.1713,45.5264198181579,95.49260712,91.0090418481348
2007,"IRL",95,232723709494.371,43.0166825335945,65.08482361,92.6187913920398
2007,"ISR",77.5,228837301916.728,45.8086030472978,65.13777924,92.0726354260347
2007,"ITA",89.375,2007108163418.51,40.5278163166367,80.48956299,79.9634792333141
2007,"JPN",76.25,4350758602409.6,41.3588617020547,NA,87.5014141833007
2007,"KOR",79.375,1137500027631.58,41.1436934543498,82.67043304,68.2863910358961
2007,"LVA",94.375,28186252981.116,48.7519394496139,95.541008,91.087633125584
2007,"LTU",88.75,38418000007.8586,49.7327058591436,100.3721771,88.3061303529933
2007,"LUX",88.75,53959794734.6914,43.2455612123866,NA,93.7854421407053
2007,"NLD",89.375,744474740611.177,45.2622903009016,63.2201004,89.3075945598154
2007,"NZL",91.875,153772257535.871,46.645451913714,NA,85.5056561739831
2007,"NOR",94.375,358440508422.031,47.3035417786727,94.80264282,95.3605480213295
2007,"POL",66.875,372083512402.176,44.7198754188916,78.23332977,79.0962008087476
2007,"PRT",91.875,210643893704.517,47.3153982840724,NA,77.1499077710229
2007,"SVK",78.75,74013706557.0379,44.6062805215282,60.69766998,91.6807695131234
2007,"SVN",88.125,43360927644.6472,45.762767493764,104.6788635,86.4723442793412
2007,"ESP",94.375,1236446314561.82,42.4336576607252,76.63957214,86.6861938308365
2007,"SWE",96.875,450646355053.726,47.4938336584208,92.51847076,94.1862476849028
2007,"CHE",83.125,613559744788.948,45.5235199571328,45.92840958,86.0759601965576
2007,"GBR",91.875,2730356339665.79,45.8821504652753,67.89215851,91.7513749965416
2007,"USA",83.75,16312522122000,46.0544135728248,NA,95.796410329282
2008,"AUS",81.25,1133349428616.57,45.2579182063383,NA,90.6629423901492
2008,"AUT",85,366677270021.069,46.1271726778059,NA,86.9162286897967
2008,"BEL",87.5,432478428732.474,44.9647953584338,69.88330841,89.2315733133729
2008,"CAN",97.5,1398632992699.8,47.0316689846622,74.73648834,88.5868294659154
2008,"CHL",71.875,191225100455.441,38.3471249821611,57.58805084,76.3157770998085
2008,"CZE",81.875,178518044738.046,43.3459885632844,65.92050171,89.3778472848826
2008,"DNK",91.25,294307201429.912,46.7904656509211,88.7312088,94.7430705948155
2008,"EST",81.875,22314690792.6965,48.7841437601693,86.0773468,96.0592926329152
2008,"FIN",94.375,246328504412.109,48.0004978044321,106.3294373,91.4415629043688
2008,"FRA",97.5,2334072134826.58,47.4226904726271,58.71416092,92.6044729629295
2008,"DEU",93.75,3201977117826.16,45.7679932648639,NA,91.1482464853475
2008,"GRC",81.875,265024939417.418,40.4580984509301,NA,69.3125080517327
2008,"HUN",78.75,119776044677.938,45.331315826708,75.5403595,90.7712940867247
2008,"ISL",94.375,17083688339.561,45.6351664367696,97.21491241,91.2654407636159
2008,"IRL",95,222288215958.446,43.469599100195,58.6846199,92.2906120198147
2008,"ISR",77.5,236356843531.581,45.7936317168096,64.09545898,92.0843369056826
2008,"ITA",89.375,1986572667525.98,41.0234002855259,79.28340912,80.6823674858241
2008,"JPN",76.25,4297492743392.06,41.5165782568599,NA,88.0592273106905
2008,"KOR",79.375,1171772731392.34,41.2249067958868,84.20021057,69.3859731892903
2008,"LVA",94.375,27231101071.3992,49.4252873563218,95.62019348,92.4932570150031
2008,"LTU",88.75,39416660356.0683,49.8099568613734,104.0337906,91.0614540848247
2008,"LUX",88.75,53797820276.3277,43.5973461980899,10.51222992,93.4431760058331
2008,"NLD",92.5,760233900008.412,45.4528827698799,64.03936768,89.0080574246204
2008,"NZL",91.875,151866196412.071,46.9050894085282,NA,85.424255327385
2008,"NOR",94.375,360167903275.809,47.3078991648291,91.52165222,95.5679944249619
2008,"POL",66.875,388394800371.402,44.6347452344476,82.4250412,79.6095548148588
2008,"PRT",91.875,211316368358.012,47.3880351662898,NA,77.3937438513998
2008,"SVK",78.75,77983340638.8351,44.6105004597702,66.5725174,91.6764733946121
2008,"SVN",88.125,44823161340.2793,46.0334336212984,105.93573,88.5454142365768
2008,"ESP",97.5,1245931907512.54,43.0146231905675,76.94931793,86.8513742433993
2008,"SWE",96.875,446486334527.751,47.4262196980587,87.92784119,94.0823022910672
2008,"CHE",85.625,630788401993.241,46.081686163044,49.49761963,86.7873498620781
2008,"GBR",91.875,2723563286863.32,45.8940730345982,66.16123199,91.8202978527207
2008,"USA",83.75,16331051067000,46.213706923006,NA,95.9224099101935
2009,"AUS",83.75,1154798699180.01,45.4155282489251,NA,89.8510705901187
2009,"AUT",85,353527252232.556,46.4835842326743,NA,87.0744311837092
2009,"BEL",87.5,424233483110.434,45.1556351573299,72.07404327,88.7155640811899
2009,"CAN",97.5,1357861634788.53,47.2638791878302,73.93302917,88.1130504643081
2009,"CHL",75,189087132634.086,38.8530786154296,61.81484985,76.5153892829494
2009,"CZE",85,169952170252.553,43.3669489255086,71.34056091,88.5986224707376
2009,"DNK",94.375,279666951279.328,47.0671259057597,87.08254242,94.3128218777855
2009,"EST",81.875,19050002368.6512,48.9976960536191,86.68031311,95.7371254968279
2009,"FIN",94.375,226434938283.203,48.3959914103776,101.73246,90.9698890992337
2009,"FRA",97.5,2268145065263.81,47.5949356975705,59.16199875,92.6591111263874
2009,"DEU",93.75,3024422218182.65,45.9231780551199,NA,91.5453704015509
2009,"GRC",85,254107830744.956,41.2485334148319,NA,69.4683806722144
2009,"HUN",78.75,111873380290.514,45.4438946939241,71.88191223,90.3820430002284
2009,"ISL",94.375,15774426999.3488,46.5694482714767,95.31112671,91.8222468632863
2009,"IRL",95,210960893742.01,44.312322689455,60.38679123,92.0122604594726
2009,"ISR",77.5,238976215685.434,46.4922058485662,67.08123779,92.0112185689452
2009,"ITA",89.375,1881181927545.97,41.0921710099884,78.97380066,81.5049926515086
2009,"JPN",76.25,4052826324007.5,41.8025220314466,NA,88.5240759215318
2009,"KOR",79.375,1181061361993.54,41.0140335426215,84.70317841,70.8369563642344
2009,"LVA",97.5,22863227308.7441,50.1420209201653,95.32369995,91.2391200402828
2009,"LTU",91.25,33567775501.6203,50.6142721321417,107.2050629,90.6376504944349
2009,"LUX",95,52055333610.1398,43.5092646706385,NA,93.3187880783797
2009,"NLD",92.5,732369119511.251,45.7062150760939,64.70136261,88.4693468392813
2009,"NZL",91.875,151787298244.391,47.1213909830052,NA,86.2371624599711
2009,"NOR",94.375,353179332437.739,47.4510271555264,91.2951889,95.1284161714246
2009,"POL",66.875,398551823849.317,44.7038291399777,85.71298981,79.9348824005221
2009,"PRT",95,204718906251.388,47.816388832221,NA,78.5212610262008
2009,"SVK",81.875,73690093822.7164,44.3063369255306,69.99600983,90.9859952148627
2009,"SVN",90.625,41420820089.9457,46.0279209626117,106.7164536,86.941520790767
2009,"ESP",97.5,1198983535253.48,43.8732999269781,79.26966095,87.393754237379
2009,"SWE",96.875,427485779310.793,47.3895458064364,87.43643188,93.7769960316738
2009,"CHE",85.625,616296829272.353,46.1904824658487,50.59318161,87.0619075506474
2009,"GBR",91.875,2597719582107.35,46.1483511277558,67.70983887,91.4470697508908
2009,"USA",83.75,15910281498000,46.4471228517735,NA,95.8469244857241
2010,"AUS",83.75,1180435002406.5,45.3334028303876,NA,90.3191510208522
2010,"AUT",91.25,359922498957.786,46.5907402810951,NA,87.0709746290357
2010,"BEL",93.75,435731531622.915,45.3605110794848,74.71832275,89.2064826007339
2010,"CAN",97.5,1399830508747.17,47.3718839928124,71.31620026,88.4501484190526
2010,"CHL",75,200151851754.47,39.3626096829434,68.75482941,74.9881334736804
2010,"CZE",88.125,174565802530.616,43.3126258433292,75.71749115,87.833764702028
2010,"DNK",97.5,284093791119.24,47.0692357863631,86.10188293,94.5873539357424
2010,"EST",88.125,19516679023.6285,49.4768238542501,86.59661865,95.6472813630464
2010,"FIN",97.5,233609048633.984,47.981965330869,102.7471237,91.0322991581459
2010,"FRA",97.5,2313515331848.51,47.689003742875,61.24570847,92.3929963276816
2010,"DEU",96.875,3149837977159.83,45.9537320436665,NA,91.569078994716
2010,"GRC",85,239639588486.45,41.8559190295993,103.9512177,68.9808003457187
2010,"HUN",78.75,113077422068.682,45.9443018587371,70.18013,90.5311989286363
2010,"ISL",94.375,15327572988.2618,47.0470194140225,100.9074936,90.0972986039766
2010,"IRL",95,214511307254.188,44.786510278773,65.4138031,91.7864670913957
2010,"ISR",77.5,252438031645.298,46.4575416681263,70.16017914,92.0075073900434
2010,"ITA",89.375,1909947188705.16,41.2759170523959,77.12496948,81.4621733036845
2010,"JPN",76.25,4218907820177.17,41.9304533855589,NA,89.0339063884591
2010,"KOR",79.375,1261430519849.42,41.1374367907852,85.18341827,72.0544410497553
2010,"LVA",97.5,22026145322.7961,50.5991167732885,88.43244934,90.5934925910693
2010,"LTU",91.25,33711176714.1949,50.7662200082485,104.5515671,91.1961481999087
2010,"LUX",95,54012829450.8633,43.6646971137676,19.28552055,93.4155430448981
2010,"NLD",95,742031413484.932,46.048199327288,67.15284729,88.5207177733011
2010,"NZL",91.875,153980049861.399,47.1695274953226,NA,86.2774005706179
2010,"NOR",96.875,355959036891.599,47.3171274705112,89.48832703,95.5911197282266
2010,"POL",73.125,411181642127.603,44.9311274930629,92.47683716,79.9165719613084
2010,"PRT",97.5,208276152143.946,48.1599560058161,NA,79.5931261597614
2010,"SVK",81.875,78694080172.9019,44.6349868403444,70.73677063,90.6110701351492
2010,"SVN",90.625,41881476527.9785,45.8359605078008,109.3654785,85.7831915366833
2010,"ESP",97.5,1200112046333.33,44.437193975796,84.45134735,87.7336764095309
2010,"SWE",96.875,452069357246.318,47.1477787829326,88.81503296,93.5580954165398
2010,"CHE",85.625,636285784211.754,45.7799598936162,52.52067947,86.9443906059064
2010,"GBR",91.875,2655734846473.69,46.1954603998295,68.32591248,90.9626338754463
2010,"USA",83.75,16339094225000,46.4596727619925,NA,95.8484574272292
2011,"AUS",83.75,1208849019421.68,45.513761391217,NA,88.8873623093782
2011,"AUT",91.25,370459114608.076,46.7914102667007,NA,87.9185789210634
2011,"BEL",100,444146182789.14,45.4208924741325,75.8973999,89.5203555252391
2011,"CAN",97.5,1443745912933.41,47.311389240167,72.51291656,88.5084560707203
2011,"CHL",75,212609096424.814,40.1952596832041,74.24906158,73.8506899501418
2011,"CZE",88.125,177659773362.468,43.5488456971913,78.23364258,87.1131530585456
2011,"DNK",97.5,287817703270.261,47.1718973513489,89.38336182,94.6607874105784
2011,"EST",91.25,21001308236.9578,49.2730294659568,87.67253876,95.4795843034812
2011,"FIN",97.5,239193227012.5,47.8086287054714,103.0838623,91.2136276585696
2011,"FRA",97.5,2369909039492.57,47.7891671981217,61.97702026,92.2169657661681
2011,"DEU",96.875,3268207907666.64,46.1320237794975,NA,91.5058080498943
2011,"GRC",88.125,215970915842.321,42.3884136861623,107.0280075,68.6018550537724
2011,"HUN",81.25,115188393760.125,45.8276414404449,68.6339035,90.58900146202
2011,"ISL",94.375,15610486135.6369,47.2583311117035,101.6380692,89.9632229219749
2011,"IRL",95,218048113700.275,45.098169284589,70.45539856,92.022499819713
2011,"ISR",77.5,266480711976.331,46.3005385663888,70.81054688,92.0453791139193
2011,"ITA",89.375,1923230167189.95,41.5856119664465,75.85923004,81.712350218754
2011,"JPN",76.25,4219912322037.65,41.9594389108851,NA,89.4757783633555
2011,"KOR",85,1307922658113.4,41.1309809821746,85.34236145,73.0470533236758
2011,"LVA",97.5,22694935283.9812,50.0811403190455,84.82514191,90.8872267357214
2011,"LTU",91.25,35842949292.2133,50.3968756239784,101.4279785,91.2434732043591
2011,"LUX",95,54576884723.7121,44.061687903641,NA,92.7743962301198
2011,"NLD",95,755190191987.229,46.2904510387937,79.52438354,88.4383375437607
2011,"NZL",91.875,157431269722.275,47.2947448738621,NA,85.5894027579139
2011,"NOR",96.875,359894719437.842,47.4623970350824,87.4236908,95.9679072597177
2011,"POL",76.25,432791139408.41,44.9040968755117,92.71330261,80.1817920726682
2011,"PRT",97.5,204707282994.346,47.7187599815648,NA,82.7898463123254
2011,"SVK",91.25,80710556609.3781,44.2000170605811,69.44199371,90.2518308721769
2011,"SVN",90.625,42155984440.7867,45.9370238948966,109.7848282,86.3322311374199
2011,"ESP",97.5,1192432281030.21,45.0063122743365,89.17674255,87.8258776372555
2011,"SWE",96.875,466372427023.667,47.2700431116174,87.07131195,93.9978893174897
2011,"CHE",85.625,647822333890.064,45.8320464172256,53.1403389,87.0068422835932
2011,"GBR",95,2685966732014.03,46.2853547815714,67.86910248,90.7278707968303
2011,"USA",83.75,16594704135000,46.3679518408933,NA,95.9687724791102
2012,"AUS",91.25,1256196122893.84,45.6384840383258,NA,89.7923468575423
2012,"AUT",91.25,372786509841.892,46.9453814564716,NA,88.0964839701973
2012,"BEL",100,445104666566.067,45.4137351332772,78.56835938,89.5087365840434
2012,"CAN",97.5,1469093201563.91,47.3994144898136,73.0844574,88.5212888343656
2012,"CHL",75,225695909225.262,40.5811863573714,79.35980988,75.052373434678
2012,"CZE",88.125,176290606026.729,43.757304941295,78.36013031,86.5607202084814
2012,"DNK",97.5,287802068095.364,47.3496848942137,91.04650879,94.43180153265
2012,"EST",91.25,21772480719.1512,49.0120370478789,89.1516571,95.1553399015102
2012,"FIN",97.5,235550696192.578,48.0522798472882,100.5744324,91.138420929151
2012,"FRA",97.5,2374265768198.23,47.8205899635236,64.59658813,92.3284990487097
2012,"DEU",96.875,3283708733629.98,46.1004909777475,NA,91.6498886038697
2012,"GRC",97.5,197978089531.731,42.9788328885797,110.7143173,68.6238104887682
2012,"HUN",90.625,113748278485.318,46.0147841336148,69.26886749,90.8696665733448
2012,"ISL",94.375,15776524980.7745,47.725361387474,102.0008621,89.6753292485386
2012,"IRL",95,217178189023.252,45.2226453898351,70.17842102,92.0647436846558
2012,"ISR",77.5,273251466146.392,46.4050939865795,72.55046844,92.0115167527009
2012,"ITA",89.375,1863124631879.35,42.1605737347749,73.47409821,81.6663258599052
2012,"JPN",78.75,4277925608850.6,42.0841485623639,NA,89.7388294123547
2012,"KOR",85,1339345905332.01,41.1084786413258,83.8895874,73.7972754573463
2012,"LVA",97.5,24352854877.6457,50.2204532538131,81.64253235,91.007263228665
2012,"LTU",91.25,37413911922.5879,50.4781003687435,95.52588654,91.0561923416128
2012,"LUX",97.5,55477349852.5629,44.4712923192311,20.38953972,92.0026626972754
2012,"NLD",95,747805360729.234,46.354336254793,79.03092957,88.3045519903557
2012,"NZL",91.875,161035600341.707,47.5858368873318,NA,85.6417341591234
2012,"NOR",96.875,369676511315.49,47.2130030308936,88.36585999,95.8859096330357
2012,"POL",85,439333996551.267,45.0175923289366,91.73352814,80.8213654599245
2012,"PRT",97.5,196414790306.892,48.133225134954,NA,82.3594305546494
2012,"SVK",94.375,81977043383.7687,44.3205898960375,69.37365723,90.0482897933025
2012,"SVN",90.625,40926910441.0679,46.1347039580837,106.3893127,87.0454556127984
2012,"ESP",97.5,1158267740706.22,45.5466248617138,91.11312866,87.2775070924635
2012,"SWE",96.875,464439473181.128,47.3704169782349,84.2743988,94.0719342042654
2012,"CHE",85.625,655461803595.119,45.9613046633115,54.92163086,87.0487408857465
2012,"GBR",95,2726497926337.32,46.3055537055878,67.67752075,90.2949966630975
2012,"USA",83.75,16974575729000,46.2117946260856,NA,96.0081247952275
2013,"AUS",91.25,1288884775424.06,45.7461064651688,NA,90.0817031017651
2013,"AUT",91.25,371851835102.085,47.0018199207245,88.64244843,88.2951252344518
2013,"BEL",100,446464436746.25,45.7580435505487,81.43895721,89.2924837546519
2013,"CAN",97.5,1503261570659.63,47.4332188885305,76.00293732,88.210988976382
2013,"CHL",77.5,233163076989.911,40.6704359448154,84.18592072,74.8327953386948
2013,"CZE",91.25,176216894679.608,44.0437208551519,77.86595154,86.9654809889145
2013,"DNK",100,291810211144.337,47.556090530706,93.41752625,94.4031070810505
2013,"EST",91.25,22154913169.8562,48.930222430165,91.31137085,94.9855781350777
2013,"FIN",97.5,233242909380.078,48.1169795882813,100.1715164,91.2080934961424
2013,"FRA",97.5,2392826743884.24,47.8878406248686,66.50814056,92.2745785281806
2013,"DEU",96.875,3296391223767.13,46.2817012621803,58.6926918,91.8909501156616
2013,"GRC",97.5,193479795857.322,43.0938287899415,112.3157578,68.1145876606042
2013,"HUN",93.75,115798616344.321,45.6858425964728,64.87606049,91.2515453744103
2013,"ISL",96.875,16494745020.423,47.6411550438608,100.5331802,90.1229620809672
2013,"IRL",95,221939116603.514,45.4190250071957,73.44940186,91.498599345084
2013,"ISR",80.625,284811641782.085,46.348405322615,71.32800293,91.9425206854797
2013,"ITA",89.375,1829252559153.33,42.3479796762491,71.29148865,81.7406707369469
2013,"JPN",78.75,4363702302795.86,42.5440599860952,60.02141953,90.0251688494423
2013,"KOR",85,1381732300870.28,41.1701808523779,82.80796051,74.6797885380469
2013,"LVA",97.5,24863312911.2871,50.1563364489642,83.75312042,90.6603596975093
2013,"LTU",93.75,38928020893.4211,49.8874903961474,88.28057098,90.3424274253156
2013,"LUX",97.5,57236975164.3722,44.4173806655203,NA,92.1143093064793
2013,"NLD",95,747579280835.076,46.3363986259472,NA,87.7578701400633
2013,"NZL",91.875,165480472114.228,47.6387319348643,95.11232758,86.6173428902823
2013,"NOR",96.875,373433130102.304,47.3252871570819,91.64398956,95.5999670094557
2013,"POL",85,442340098156.254,44.9870596419024,89.60871887,81.5566605607681
2013,"PRT",97.5,194481859081.567,48.4322395446241,NA,82.5726220435161
2013,"SVK",94.375,82553607304.9464,44.5489107019536,67.34812927,90.1997927016691
2013,"SVN",90.625,40589763868.5066,45.7779383692662,104.1726074,86.2538382061513
2013,"ESP",97.5,1141735528202.44,45.8758157026358,93.59043884,86.9401363920283
2013,"SWE",96.875,469723477690.599,47.3918150941208,80.53517151,93.7807284725482
2013,"CHE",85.625,667208623354.645,46.1257475059471,56.56853104,86.9064381135537
2013,"GBR",95,2775572748536.75,46.4558635817394,64.67336273,90.1714344223681
2013,"USA",83.75,17334068403000,46.0847223707052,103.1126099,96.0868683779593
2014,"AUS",93.75,1322334997273.41,45.9337280087194,NA,90.3691475748241
2014,"AUT",91.25,374662287839.195,47.1203553828351,88.43135071,88.2759910908636
2014,"BEL",100,454346946668.411,46.0653160942741,84.15718842,89.1420404728001
2014,"CAN",97.5,1546457292386.53,47.2686271741564,78.12597656,88.3093563028129
2014,"CHL",77.5,237342873662.242,41.0644961014039,88.34477234,74.2736576476404
2014,"CZE",91.25,180173337872.859,43.9636851312657,78.83168793,87.152975049498
2014,"DNK",100,295539545041.068,47.1811444774711,95.12465668,94.4430608082893
2014,"EST",91.25,22891073863.273,48.3397126845031,92.33390045,94.8970925179742
2014,"FIN",97.5,232127848925,48.2064114587457,98.6782074,90.677420922047
2014,"FRA",97.5,2416703157283.96,48.0883806048356,68.3062973,91.8318831124929
2014,"DEU",96.875,3367906396055.51,46.3323880156549,63.3634491,92.0156638410043
2014,"GRC",97.5,195012591244.259,43.7878794211816,118.3628006,69.5937312513733
2014,"HUN",93.75,120699456740.623,45.6911607177121,59.88990021,91.2543317438412
2014,"ISL",96.875,16773046835.507,47.3203915712626,102.8053589,90.5854148082069
2014,"IRL",95,242659427386.766,45.3349969758663,75.8586731,91.7193900032357
2014,"ISR",80.625,295877497534.411,46.6948229669611,71.26329803,91.6479485609308
2014,"ITA",91.875,1829227175717.41,42.5654007913237,71.01477814,81.5317043561533
2014,"JPN",78.75,4376627829637.51,42.7878385864757,60.46068954,90.1704227170943
2014,"KOR",85,1425981639370.35,41.3826618462895,81.65512848,75.6186416285462
2014,"LVA",97.5,25384189270.9715,49.6863817976273,83.77706909,91.2095063261919
2014,"LTU",93.75,40396596564.7359,49.8385823752449,81.6917572,89.7610284938862
2014,"LUX",97.5,58738350255.7597,44.6336089936422,NA,92.6753579824749
2014,"NLD",95,759634819632.632,46.090413509048,NA,87.3264190188546
2014,"NZL",91.875,171693137607.002,47.6081611543116,95.23767853,86.1208979376958
2014,"NOR",96.875,381081533533.12,47.3159293292549,92.98947144,95.6554012294961
2014,"POL",84.375,459682079851.439,45.0652306395156,85.14217377,82.2656091005517
2014,"PRT",97.5,195923730996.63,48.6134671664063,NA,85.1589563098892
2014,"SVK",94.375,84789118228.7254,45.0007118113225,65.68462372,89.8038704147139
2014,"SVN",90.625,41711190708.5511,45.9734739224644,99.94271088,83.8112580650543
2014,"ESP",97.5,1159095456184.34,46.0315470287666,96.31784821,87.0440812579595
2014,"SWE",100,480507219292.52,47.4081366160865,79.22306061,93.7975081097345
2014,"CHE",85.625,682887233860.616,46.3974470789472,58.48965073,87.091912816774
2014,"GBR",95,2864242231205.47,46.5844284376379,64.22628784,89.4983345840634
2014,"USA",83.75,17771549056000,46.1089907913394,102.5993881,96.1766203177714
2015,"AUS",93.75,1351296372254.31,46.123210341525,141.459671,90.367459307408
2015,"AUT",91.25,379546097300.633,47.0000048993692,89.90548706,88.5126619200011
2015,"BEL",100,461044767544.531,46.1279538207194,86.98117065,88.9247784497693
2015,"CAN",97.5,1556508816217.14,47.1050793443463,78.68930054,88.06990430589
2015,"CHL",77.5,242450355827.827,41.0237058511836,91.16191864,74.6533256774619
2015,"CZE",91.25,189107698561.919,44.1899583386697,78.89924622,87.222967297487
2015,"DNK",100,301758922337.637,46.8814629179613,97.28471375,94.5526470676414
2015,"EST",91.25,23311847750.9394,48.6526045166379,89.85720062,94.7292116060398
2015,"FIN",97.5,233210733506.25,48.2793310077479,98.18663025,90.554436213493
2015,"FRA",97.5,2442483452642.5,48.1256992299547,69.71964264,91.7851887730015
2015,"DEU",96.875,3423568450957.03,46.422751994585,67.38771057,92.2512306467427
2015,"GRC",97.5,194567373678.099,44.4032078716565,NA,70.3999716635501
2015,"HUN",93.75,125174166987.372,45.6218598209464,56.11090088,91.5516201932195
2015,"ISL",96.875,17517210519.0912,47.4000127606736,97.98452759,91.006437837663
2015,"IRL",95,302391428540.035,45.2318695197768,80.58055115,91.6239089423656
2015,"ISR",80.625,302722655203.465,46.6782999351803,70.61431885,91.5939574372126
2015,"ITA",94.375,1845428048839.1,42.2331601778377,70.6464386,81.6696942749797
2015,"JPN",78.75,4444930651964.18,42.9570116327583,60.6137619,90.6842601398953
2015,"KOR",85,1466038936206.43,41.5391364241919,81.90405273,76.3801049871689
2015,"LVA",100,26344565876.8902,49.6202616877214,91.13356018,90.5078894928911
2015,"LTU",93.75,41540954817.2039,50.0270564432207,79.34809113,89.9856624042038
2015,"LUX",97.5,60071584216.1375,45.576565514822,21.03373909,91.270817405179
2015,"NLD",95,775743675302.734,46.3418160230212,85.22605896,86.6359974366017
2015,"NZL",91.875,178104220784.881,47.4671441869271,96.92234802,86.3371832671972
2015,"NOR",96.875,388159512245.53,47.1417161650692,94.62586212,95.382326831258
2015,"POL",84.375,480054118583.367,45.0658080631433,83.5581131,82.3652857377119
2015,"PRT",97.5,199038523119.639,48.8126182620989,66.9743576,86.0998678462363
2015,"SVK",94.375,89178548717.3324,45.0460588611994,64.16213989,89.7344675216473
2015,"SVN",90.625,42709468274.8137,45.8951130525428,98.11476898,86.3157467803582
2015,"ESP",97.5,1206164777553.12,46.1512662562267,96.54173279,87.1904813423839
2015,"SWE",100,501698263620.663,47.5486069298921,81.01756287,93.7795673474214
2015,"CHE",85.625,694118186379.628,46.475426091817,61.76393127,86.896270461038
2015,"GBR",95,2927911140916.73,46.6460267181911,64.43145752,89.5714381682049
2015,"USA",83.75,1.8295019e+13,45.9858468641112,102.7473297,96.1681135345097
2016,"AUS",96.875,1388583854795.63,46.4397564283043,141.215683,89.6624114350987
2016,"AUT",94.375,387581921933.047,46.9642738832459,90.94074249,88.8455459362694
2016,"BEL",100,466547349016.531,46.0348592117926,88.06896973,89.3675737650114
2016,"CAN",97.5,1572673953080.04,47.2343644262967,81.08847046,88.2592160879485
2016,"CHL",77.5,246700604504.172,40.9809443504279,94.35066223,73.9363885161644
2016,"CZE",91.25,193988322699.324,44.3219458991043,79.16471863,86.7714941149905
2016,"DNK",100,311032111245.335,47.2881544469001,94.95578003,94.3442485772701
2016,"EST",91.25,24032886893.1699,48.3886885502104,87.76291656,94.5085867990896
2016,"FIN",97.5,239208760192.969,47.9674220516404,97.4420166,90.6289085705485
2016,"FRA",97.5,2463489569508.32,48.2217586051759,71.73220062,91.5606937473589
2016,"DEU",96.875,3502129441730.16,46.5415160134711,68.86296082,92.3465769016272
2016,"GRC",97.5,194505510567.857,44.5911315469584,129.5725555,70.5326987670875
2016,"HUN",93.75,127929252772.234,45.4602189654702,55.26440048,91.5919581924868
2016,"ISL",96.875,18621440660.0019,46.7626757237649,97.98246765,91.0416688571819
2016,"IRL",95,306088582898.588,45.5497615890061,81.56446838,91.4803656442475
2016,"ISR",80.625,315943412203.594,46.8123627174846,70.45944214,91.4280506357512
2016,"ITA",94.375,1868241619898.42,42.426961250531,70.9039917,81.9128588865669
2016,"JPN",78.75,4478437728055.55,43.3018629788105,61.60813141,91.0846421541367
2016,"KOR",85,1509241369553.54,41.6746205519743,82.1470871,77.1856411607826
2016,"LVA",100,27016796437.5492,50.0693606965348,98.10533142,90.1189588192938
2016,"LTU",93.75,42650895979.8047,50.0141354878031,78.22934723,90.4930961989703
2016,"LUX",100,63062062076.8293,45.4610438518188,20.67296028,91.2706023128683
2016,"NLD",97.5,794549918798.828,46.4296500652292,84.44586945,86.7610820437936
2016,"NZL",91.875,184780121689.709,47.4725257261518,97.11808014,83.6868435580941
2016,"NOR",96.875,392680500155.007,47.1400791134899,98.5099411,95.4563744538988
2016,"POL",84.375,494605411858.337,44.9518543048953,84.11257172,83.1606065317987
2016,"PRT",97.5,203027535953.584,48.7453822823453,68.24002838,86.616854928875
2016,"SVK",94.375,90915585456.2015,45.2284419894787,61.00178909,89.3718419070685
2016,"SVN",90.625,44005450339.8887,46.4358605788527,94.17118073,89.2416965053077
2016,"ESP",97.5,1241326362774.56,46.3650151113887,98.15586853,87.2805424038452
2016,"SWE",100,513486872435.55,47.4700493676937,83.75392151,93.8919468926831
2016,"CHE",85.625,708477337578.722,46.5371476277636,61.99789047,87.1334428275429
2016,"GBR",97.5,2984177104376.02,46.7131212038195,66.60627747,89.1203830909422
2016,"USA",83.75,18627887993000,45.9449433839313,102.2938004,96.2047576388435
2017,"AUS",96.875,1420237898460.73,46.6423085004014,129.9749451,89.9751909083888
2017,"AUT",94.375,396388752620.721,46.952873963492,92.10691833,89.2109972153761
2017,"BEL",100,473426438780.183,46.2910979035965,92.09858704,89.3164315141642
2017,"CAN",97.5,1620386284372.81,47.3394428375583,82.39723206,88.0760140438346
2017,"CHL",77.5,250050047208.954,41.2202802278756,96.29106903,74.1492786180475
2017,"CZE",91.25,204024435225.367,44.4368631352124,79.45845795,87.1917722826746
2017,"DNK",100,320538736946.88,47.2580149295592,94.04833984,94.6248666858913
2017,"EST",91.25,25387061799.8453,48.2865256007016,86.86019897,94.3731123722191
2017,"FIN",97.5,247110711000,47.872240554203,98.74311829,90.7050988773723
2017,"FRA",97.5,2514819204022.09,48.1756757420322,73.04025269,91.6113749009284
2017,"DEU",96.875,3597248136065.74,46.5874505477392,69.9681015,92.526903003212
2017,"GRC",97.5,197370819841.305,44.5052124139917,134.5561676,71.0237373616174
2017,"HUN",93.75,133394359768.376,45.2635106210299,55.70837021,91.7554377372969
2017,"ISL",100,19402600566.9271,46.3896013767297,94.00508881,90.7761798452832
2017,"IRL",95,336849348481.597,45.7240034950999,81.9967804,91.7765329429048
2017,"ISR",80.625,329445006817.89,46.7787646782504,69.00598145,91.4776462430206
2017,"ITA",94.375,1898202609756.92,42.5924685133917,72.50032806,82.4921454364299
2017,"JPN",78.75,4553466417292.21,43.6819357488642,61.29114151,91.3285603174948
2017,"KOR",85,1556927899270.75,41.9171241113616,82.67163086,77.2498760394087
2017,"LVA",100,27935083671.9621,49.8384933111522,105.0589676,90.237759397944
2017,"LTU",93.75,44618059006.3441,49.855910936466,78.10864258,90.7199199726819
2017,"LUX",100,63892707778.4988,46.3407887190905,20.42093086,91.9254562683451
2017,"NLD",97.5,816650691068.16,46.5513080352797,88.58984375,86.796234159338
2017,"NZL",91.875,191057624435.572,47.406144116973,96.90743256,83.6003589087395
2017,"NOR",96.875,402355151389.893,47.2466447365085,101.0699692,95.5644204886078
2017,"POL",84.375,520089746650.75,44.869470753833,85.07778931,83.6307076846655
2017,"PRT",97.5,209757331881.699,48.8820027048584,69.62309265,87.1037456827463
2017,"SVK",94.375,93529165116.4867,45.4019100272073,59.69203186,89.7013182424365
2017,"SVN",90.625,46282470359.9316,46.4103851534813,93.81330872,88.5535730256686
2017,"ESP",97.5,1277275696600.78,46.3624357369856,100.6618576,87.737616649231
2017,"SWE",100,522858808973.771,47.4478143200436,87.07241058,94.1572480364515
2017,"CHE",85.625,718132463597.499,46.4080609857961,64.04152679,87.251158293678
2017,"GBR",97.5,3063451915172.53,46.9407080473441,68.66304016,89.0747300581914
2017,"USA",83.75,19085691122935.2,46.0583671944459,102.0113297,96.2163239851931
2018,"AUS",96.875,1461119016244.31,46.8310502338001,119.9941788,90.2860597726222
2018,"AUT",94.375,406235924727.366,46.8066937939583,94.49884796,89.5859700485268
2018,"BEL",100,482317238512.932,46.7010739360366,90.00737762,89.2581643890221
2018,"CAN",97.5,1664832887596.13,47.4256156944059,81.11540985,87.8814412092447
2018,"CHL",77.5,260027117795.385,41.7240528587679,98.30413055,74.3269954589313
2018,"CZE",91.25,209798950840.998,44.5792186793219,78.06674194,87.5918419215601
2018,"DNK",100,326500781458.764,47.1231705771383,93.87747192,94.8975279710561
2018,"EST",97.5,26326305513.7363,48.2993419603642,86.45500946,94.1483329553187
2018,"FIN",97.5,250058686750.391,47.9598241625246,100.6457901,90.7735395472901
2018,"FRA",100,2556210832827.89,48.3024975851483,75.18060303,91.6461917756459
2018,"DEU",96.875,3637409365003.91,46.5661575164678,71.14263916,92.7032261436287
2018,"GRC",97.5,201445880947.483,44.301417352163,141.3815918,71.5787557573559
2018,"HUN",93.75,140547430034.099,45.1277891996108,56.46286011,91.9192724055249
2018,"ISL",100,20351227274.147,46.0051582001566,91.51734924,90.5136311381179
2018,"IRL",97.5,362262415044.573,45.8880875188399,82.06006622,92.0483089631405
2018,"ISR",80.625,342868164572.703,47.2321403084912,67.35736847,91.5200090578152
2018,"ITA",94.375,1913894038939.75,42.6039219139583,75.06912231,83.0772597664204
2018,"JPN",78.75,4582763011477.35,44.106136885823,61.29584885,91.5680852772644
2018,"KOR",85,1602194079769.04,42.1049316482368,83.13250732,77.3347641830271
2018,"LVA",100,29139005014.4504,49.8454875465262,111.8452072,90.3150091859009
2018,"LTU",93.75,46812540143.4277,49.6166802223357,79.6102066,90.8490859697776
2018,"LUX",100,64671765568.8058,46.5275185803621,20.61774063,92.5369563104255
2018,"NLD",97.5,835096710123.568,46.5724482972535,88.64476776,86.8383302801667
2018,"NZL",94.375,197743680329.155,47.4588322777415,97.6879425,83.3872334980727
2018,"NOR",96.875,405690275911.956,47.1403419236864,102.7470322,95.6721055682219
2018,"POL",93.75,552573816155.989,44.9895668033198,85.93205261,83.9440271523216
2018,"PRT",97.5,215937375267.637,49.1819045402696,70.80612183,87.5625234233838
2018,"SVK",94.375,97328432384.4156,45.1769829031079,57.84246826,90.1042732079397
2018,"SVN",90.625,48309217557.2363,45.9420169463366,92.12683868,87.9089403464379
2018,"ESP",97.5,1307871701738.56,46.3678105398636,101.4341125,88.1829763988268
2018,"SWE",100,532808626955.913,47.4688366850805,92.04386902,94.4055470676948
2018,"CHE",85.625,738674253452.249,46.5920536332543,66.23184204,87.3785543847737
2018,"GBR",97.5,3106499243290.97,46.9795470253259,70.52268219,89.0465881814593
2018,"USA",83.75,19651869117582.5,46.0510839800442,102.3540421,96.2421108743122
2019,"AUS",96.875,1492847874023.89,46.9493385188979,128.2402496,90.097006744291
2019,"AUT",94.375,413365269561.549,46.8791184260797,95.4495697,89.6437630388285
2019,"BEL",100,494099718421.514,46.775155191018,91.10664368,89.2640759614454
2019,"CAN",97.5,1696605089927.38,47.2984283921484,84.45639801,88.0577083111569
2019,"CHL",77.5,261676645409.828,42.0307598473457,99.34161377,74.6883436584948
2019,"CZE",93.75,217279912678.49,44.5308991090419,78.2053299,87.6832313966437
2019,"DNK",100,332088518914.51,47.032615700416,94.87412262,94.6303192773097
2019,"EST",97.5,27307395615.8101,48.4877869834937,87.28353119,94.0571238402209
2019,"FIN",97.5,253433824963.672,47.8524967785549,103.7537384,90.3430872769279
2019,"FRA",100,2608036639287.32,48.442369384894,75.64186096,91.2931675982663
2019,"DEU",100,3673343090202.78,46.601359993432,74.19689178,92.9990144334908
2019,"GRC",97.5,206033167541.336,44.4429880589674,147.8857117,73.4229584318225
2019,"HUN",93.75,147383974295.866,44.8298692831379,58.28076172,91.6519671119366
2019,"ISL",100,20729999827.2907,45.8297697107922,94.99719238,91.0888164595641
2019,"IRL",97.5,380522434249.483,45.9227304680475,80.697258,92.2615860228968
2019,"ISR",80.625,355846209596.501,47.3286935277103,66.96443939,91.5597684155558
2019,"ITA",97.5,1922107755102.45,42.7511103957436,76.7722702,82.9170663179392
2019,"JPN",78.75,4564332550094.45,44.4404765313486,61.43835068,91.8455709940683
2019,"KOR",85,1638146960195.06,42.4640421915043,84.55993652,77.8958192718937
2019,"LVA",100,29335802644.3992,49.8458843849735,111.0199509,90.118284130391
2019,"LTU",93.75,49002127219.1508,49.7921795307718,81.08226013,91.471133459563
2019,"LUX",100,66557495896.7378,45.9234698563199,20.7035408,92.254461841673
2019,"NLD",97.5,854304699361.253,46.7398190219716,NA,86.8264979658012
2019,"NZL",94.375,202414311267.63,47.555838449116,94.86045837,83.4511123079093
2019,"NOR",96.875,410249333471.117,47.1552545550048,103.3312683,95.8148684513118
2019,"POL",93.75,577884228677.544,44.8180764321354,86.2605896,84.2979489933795
2019,"PRT",97.5,221866334776.915,49.37367711374,72.02829742,87.1491601215767
2019,"SVK",94.375,99543529380.5199,45.2357221551802,58.24784851,90.0886790220617
2019,"SVN",90.625,50002577211.6531,45.9663120567376,92.90335083,90.2532260867079
2019,"ESP",97.5,1333521400772.79,46.6122112380951,100.5527115,88.276035389877
2019,"SWE",100,546393370671.191,47.3881598693292,95.32369232,94.3372802495853
2019,"CHE",85.625,747109782866.389,46.8071251573625,68.63426971,87.6616271906206
2019,"GBR",97.5,3156963551827.52,47.1966872889684,75.57592773,88.8340027570207
2019,"USA",91.25,20159639089698.1,46.1487834708058,102.4253311,96.3538504153551
2020,"AUS",96.875,1491062566266.52,46.9923936857,130.2254028,90.3609877363501
2020,"AUT",94.375,387247796564.086,47.0401841876711,98.36364746,89.6638929678577
2020,"BEL",100,470417598481.151,46.7489667494196,91.34197998,89.0550901319328
2020,"CAN",100,1611126164920.14,47.0148198232132,86.0844574,87.5492913030621
2020,"CHL",77.5,245600606661.894,40.8664197043026,96.77101135,75.51742540582
2020,"CZE",93.75,205753475034.301,44.2976865256808,78.7804184,87.4174432917179
2020,"DNK",100,326176991303.13,47.0916885384704,96.13195801,94.4973917094662
2020,"EST",97.5,26519902198.9957,48.3444818666466,87.17617798,93.8635576953334
2020,"FIN",97.5,247120696616.016,47.6793946793812,107.3404694,90.7593163351079
2020,"FRA",100,2413981867221.76,48.4961849019758,77.64801025,90.6755730301929
2020,"DEU",100,3522914640155.8,46.7054234608295,74.79360199,93.4340217124452
2020,"GRC",97.5,187085880547.56,44.3908921244462,149.3504181,73.4706806751487
2020,"HUN",93.75,140770787502.349,44.7266715166581,60.9134407,90.5080631177389
2020,"ISL",100,19291243912.7068,45.8251717918864,100.0319519,91.5170122387181
2020,"IRL",97.5,407759845120.691,45.8624046863912,80.75592804,91.5933962273186
2020,"ISR",80.625,350634465931.993,47.5155992707423,67.06928253,91.6399527260868
2020,"ITA",97.5,1751650987476.49,42.4397595240405,80.60366058,83.3145209550701
2020,"JPN",78.75,4375044252274.51,44.3631171008665,61.58436966,91.8853297697663
2020,"KOR",85,1626525694049.93,42.4640783372922,87.70542908,78.3325418137581
2020,"LVA",100,28318076426.6769,49.7219763601511,109.4371796,89.1608698321915
2020,"LTU",93.75,49023106998.3996,49.4219309184455,80.47016144,91.4039087565077
2020,"LUX",100,65951935965.6765,46.7440481180968,21.74609947,92.1644935090901
2020,"NLD",97.5,821260591753.75,46.9493484305736,91.29692841,86.2543096534603
2020,"NZL",94.375,201554239788.002,47.2009444287585,93.18852234,82.1335625303224
2020,"NOR",96.875,405005642244.497,47.1341400760651,105.4452286,96.1335308604933
2020,"POL",93.75,566120997479.772,44.6595156206976,85.62892151,84.1297073978275
2020,"PRT",100,203663018337.793,49.3589131884393,74.07720947,87.283709140372
2020,"SVK",94.375,96969818956.4464,45.4028319646414,58.13008118,90.3245073013924
2020,"SVN",93.75,47959972856.1156,46.0384478752337,92.90180969,90.0620787277189
2020,"ESP",97.5,1187633217272.88,46.6353056731379,101.5308533,87.8786207530216
2020,"SWE",100,535436339492.279,47.0802056694663,101.5607224,94.3077123646784
2020,"CHE",85.625,731108654673.334,46.6910303659997,71.19142914,87.8292212228091
2020,"GBR",97.5,2831893576021.77,47.6075347568529,79.81993103,88.8386658819142
2020,"USA",91.25,19723580221938.2,46.1489328561116,102.9567413,96.2453993557587
2021,"AUS",96.875,1522541404227.63,47.1699615129658,135.7330322,90.3331495949345
2021,"AUT",96.875,405817602863.188,46.9295765756178,105.2396698,89.6394817864438
2021,"BEL",100,499595504127.06,46.803437581753,95.58782196,89.6546899063435
2021,"CAN",100,1696305710720.04,47.1188578904526,90.97457886,88.9863404235985
2021,"CHL",80,273436873982.626,41.0242457010816,105.9630737,76.0339110387649
2021,"CZE",93.75,214043320209.36,44.4054630149087,81.55539703,88.3661388647329
2021,"DNK",100,350255593023.122,46.948695461593,97.54080963,94.467938181358
2021,"EST",97.5,28417254674.457,48.7811955890888,88.89467621,93.4504555209886
2021,"FIN",97.5,253878739632.812,47.6527925156231,112.6425095,90.0737475150469
2021,"FRA",100,2580120255345.61,48.8287535616269,79.15248871,90.5164777196396
2021,"DEU",100,3652205602572.65,46.7105652406794,78.78555298,93.6622425658157
2021,"GRC",97.5,203277224063.029,44.7958523436437,156.8537292,74.1873288132002
2021,"HUN",93.75,150710923361.943,46.5225909407827,63.01156998,90.1138858021819
2021,"ISL",100,20304846331.8777,45.9096815968272,116.9098129,90.3703703703704
2021,"IRL",100,474043708510.292,46.4779977739109,85.98001862,91.9025751796858
2021,"ISR",80.625,383397426954.248,47.7883727924902,70.01210785,91.4962385821367
2021,"ITA",97.5,1908092024347.85,42.6400997574505,83.61080933,83.8438131491755
2021,"JPN",78.75,4487015645273.13,44.5952443043531,62.14001846,91.770016971889
2021,"KOR",85,1696543311942.81,42.7170077008251,91.58152008,79.4104734661306
2021,"LVA",100,30285399223.0726,49.3239931484874,108.8104401,89.516386416691
2021,"LTU",93.75,52150789442.1719,49.6395894412172,83.52935028,90.4900582446274
2021,"LUX",100,70679635853.8902,46.783413401669,22.62598991,90.8404321911657
2021,"NLD",97.5,872809728969.262,47.2419855487854,96.53414154,86.6770857064116
2021,"NZL",97.5,210717394654.719,47.4842500488113,99.25727844,81.6536858307896
2021,"NOR",96.875,420836044228.583,46.4839576384419,113.7597504,96.4419515372787
2021,"POL",93.75,605337233054.782,45.2687767522785,87.25273132,85.247917576062
2021,"PRT",100,214984151691.324,49.739948155306,78.34152222,87.7791667225224
2021,"SVK",85,102523269375.456,46.9900945755459,60.78646088,91.2859285333598
2021,"SVN",96.875,51983646872.7637,46.1749242751021,100.9950867,90.1241256268834
2021,"ESP",97.5,1267004457572.21,47.0798863059341,106.1528168,88.2156754781189
2021,"SWE",100,567227918052.988,47.1349675288458,111.1647873,94.0487991226828
2021,"CHE",85.625,770529214794.414,46.797591087022,75.95340729,86.6589595585533
2021,"GBR",97.5,3074755378779.19,47.8630556065915,88.93240356,88.6882940256021
2021,"USA",91.25,20917853444668.3,46.1491844924699,101.7102203,95.9985349698032
2022,"AUS",96.875,1587133480804.53,47.0276009548156,128.2834167,88.1574941228597
2022,"AUT",96.875,427236226636.132,47.0176506262936,106.6978836,89.8091641268228
2022,"BEL",100,520745539238.467,46.9863347861109,96.82858276,88.8983218461704
2022,"CAN",100,1761102321572.64,47.4189740872734,90.47601318,89.324137085325
2022,"CHL",80,279066228503.412,42.1584786159206,108.6976471,76.5613772535968
2022,"CZE",93.75,220137498815.997,44.5575797146415,83.29302979,88.2875125920761
2022,"DNK",100,355650135472.963,47.3956592517044,98.93183136,94.5013559257448
2022,"EST",97.5,28434426605.4652,49.2179543734104,86.79089355,93.3427380038587
2022,"FIN",97.5,257560103403.906,48.2630018336347,118.4732437,90.2190864742798
2022,"FRA",100,2646451031159.26,48.8539164216898,81.3793869,89.9793836060422
2022,"DEU",100,3702230996916.9,46.701454734315,80.79667664,93.5267216353136
2022,"GRC",100,214952754695.546,44.7121188049933,171.990036,69.0272330871765
2022,"HUN",93.75,157618619387.289,46.6298791054692,65.19101715,89.9788959015435
2022,"ISL",100,22130761184.0171,46.1597973790671,114.6260071,90.4773724656963
2022,"IRL",100,514903922802.965,46.5525767303511,84.4385376,92.0596382569342
2022,"ISR",80.625,408204664808.542,47.817070099072,68.1656723,91.4483309498963
2022,"ITA",97.5,1997042745688.22,42.7663906109216,87.04924011,83.8809241694121
2022,"JPN",78.75,4529854841042.58,44.8645272390892,63.75304031,91.8540870984002
2022,"KOR",88.125,1740868427277.01,43.0271728938691,95.22557068,79.7102109301072
2022,"LVA",100,30834377325.2508,49.6226884056999,108.4751129,89.0599103868198
2022,"LTU",93.75,53474128766.591,49.7453033699718,92.46141052,89.7880955951761
2022,"LUX",100,71655146215.6371,46.9379802625558,23.1678009,89.5783818330704
2022,"NLD",97.5,916513359627.026,47.3098226241191,NA,87.3442767956287
2022,"NZL",97.5,216564470789.24,47.6713085105415,97.02739716,81.646388217763
2022,"NOR",96.875,433484840343.081,46.8915863266361,118.1812515,96.8085879022337
2022,"POL",93.75,637150470884.733,45.6488976493389,91.93286133,85.1564146682316
2022,"PRT",100,230002604720.83,49.8433800527612,82.84008789,88.4860980928064
2022,"SVK",85,102984289733.717,47.0732120646269,63.24742126,91.3929513306162
2022,"SVN",96.875,53386808992.5859,45.942480273052,100.3683929,90.2036076720985
2022,"ESP",100,1345296618919.51,47.0035280127012,106.5525894,88.2849189128816
2022,"SWE",100,575505409872.88,47.0474068009726,108.3268814,93.6522723482856
2022,"CHE",88.125,790318933740.326,46.7234260619944,78.89064026,85.9575974422127
2022,"GBR",97.5,3223545409624.7,47.6513695823846,92.98046875,88.6957620051732
2022,"USA",91.25,21443388432051,46.2728924266175,94.85021973,96.1799852226716
